Representative	Represented
REAC:R-HSA-76002	REAC:R-HSA-76002
REAC:R-HSA-76002	REAC:R-HSA-76009
REAC:R-HSA-76002	REAC:R-HSA-354192
REAC:R-HSA-76002	REAC:R-HSA-114608
REAC:R-HSA-76002	REAC:R-HSA-372708
REAC:R-HSA-76002	REAC:R-HSA-354194
REAC:R-HSA-76002	REAC:R-HSA-392518
REAC:R-HSA-76002	REAC:R-HSA-114604
REAC:R-HSA-76002	REAC:R-HSA-76005
REAC:R-HSA-76002	REAC:R-HSA-392170
REAC:R-HSA-76002	REAC:R-HSA-428930
REAC:R-HSA-76002	REAC:R-HSA-430116
REAC:R-HSA-76002	REAC:R-HSA-456926
REAC:R-HSA-76002	REAC:R-HSA-418592
REAC:R-HSA-212436	REAC:R-HSA-212436
REAC:R-HSA-212436	REAC:R-HSA-2173793
REAC:R-HSA-212436	REAC:R-HSA-2032785
REAC:R-HSA-212436	REAC:R-HSA-6796648
REAC:R-HSA-212436	REAC:R-HSA-8934593
REAC:R-HSA-212436	REAC:R-HSA-8953750
REAC:R-HSA-212436	REAC:R-HSA-9022692
REAC:R-HSA-212436	REAC:R-HSA-350054
REAC:R-HSA-212436	REAC:R-HSA-3700989
REAC:R-HSA-212436	REAC:R-HSA-8986944
REAC:R-HSA-212436	REAC:R-HSA-8878159
REAC:R-HSA-212436	REAC:R-HSA-2173796
REAC:R-HSA-212436	REAC:R-HSA-383280
REAC:R-HSA-212436	REAC:R-HSA-6791312
REAC:R-HSA-212436	REAC:R-HSA-9005895
REAC:R-HSA-212436	REAC:R-HSA-9005891
REAC:R-HSA-212436	REAC:R-HSA-5628897
REAC:R-HSA-212436	REAC:R-HSA-8941856
REAC:R-HSA-212436	REAC:R-HSA-6804756
REAC:R-HSA-212436	REAC:R-HSA-9697154
REAC:R-HSA-212436	REAC:R-HSA-9675151
REAC:R-HSA-212436	REAC:R-HSA-8853884
REAC:R-HSA-212436	REAC:R-HSA-8864260
REAC:R-HSA-212436	REAC:R-HSA-9614085
REAC:R-HSA-212436	REAC:R-HSA-2173795
REAC:R-HSA-212436	REAC:R-HSA-5633007
REAC:R-HSA-212436	REAC:R-HSA-8878166
REAC:R-HSA-212436	REAC:R-HSA-6804116
REAC:R-HSA-212436	REAC:R-HSA-8878171
REAC:R-HSA-212436	REAC:R-HSA-6804114
REAC:R-HSA-212436	REAC:R-HSA-8936459
REAC:R-HSA-212436	REAC:R-HSA-8939243
REAC:R-HSA-212436	REAC:R-HSA-9617828
REAC:R-HSA-212436	REAC:R-HSA-8866907
REAC:R-HSA-212436	REAC:R-HSA-9615017
REAC:R-HSA-212436	REAC:R-HSA-8941326
REAC:R-HSA-212436	REAC:R-HSA-9617629
REAC:R-HSA-212436	REAC:R-HSA-8940973
REAC:R-HSA-212436	REAC:R-HSA-167287
REAC:R-HSA-212436	REAC:R-HSA-167290
REAC:R-HSA-212436	REAC:R-HSA-8866904
REAC:R-HSA-212436	REAC:R-HSA-6804757
REAC:R-HSA-212436	REAC:R-HSA-5633008
REAC:R-HSA-212436	REAC:R-HSA-6806003
REAC:R-HSA-212436	REAC:R-HSA-6804758
REAC:R-HSA-212436	REAC:R-HSA-9614657
REAC:R-HSA-212436	REAC:R-HSA-8866910
REAC:R-HSA-212436	REAC:R-HSA-6804115
REAC:R-HSA-212436	REAC:R-HSA-6803204
REAC:R-HSA-212436	REAC:R-HSA-167243
REAC:R-HSA-212436	REAC:R-HSA-167238
REAC:R-HSA-212436	REAC:R-HSA-6803207
REAC:R-HSA-212436	REAC:R-HSA-6804760
REAC:R-HSA-212436	REAC:R-HSA-8939902
REAC:R-HSA-166658	REAC:R-HSA-166658
REAC:R-HSA-166658	REAC:R-HSA-977606
REAC:R-HSA-166658	REAC:R-HSA-166663
REAC:R-HSA-166658	REAC:R-HSA-166786
REAC:R-HSA-1474244	REAC:R-HSA-1474244
REAC:R-HSA-1474244	REAC:R-HSA-216083
REAC:R-HSA-1474244	REAC:R-HSA-1566948
REAC:R-HSA-1474244	REAC:R-HSA-2129379
REAC:R-HSA-1474244	REAC:R-HSA-3000171
REAC:R-HSA-1474244	REAC:R-HSA-3000178
REAC:R-HSA-1474244	REAC:R-HSA-3000170
REAC:R-HSA-1474244	REAC:R-HSA-1650814
REAC:R-HSA-1474244	REAC:R-HSA-1474290
REAC:R-HSA-1474244	REAC:R-HSA-8948216
REAC:R-HSA-1474244	REAC:R-HSA-2022090
REAC:R-HSA-1474244	REAC:R-HSA-1474228
REAC:R-HSA-1474244	REAC:R-HSA-1442490
REAC:R-HSA-1474244	REAC:R-HSA-3000157
REAC:R-HSA-1474244	REAC:R-HSA-2214320
REAC:R-HSA-1474244	REAC:R-HSA-2243919
REAC:R-HSA-453279	REAC:R-HSA-453279
REAC:R-HSA-453279	REAC:R-HSA-69231
REAC:R-HSA-453279	REAC:R-HSA-69206
REAC:R-HSA-453279	REAC:R-HSA-69236
REAC:R-HSA-453279	REAC:R-HSA-69202
REAC:R-HSA-453279	REAC:R-HSA-9659787
REAC:R-HSA-453279	REAC:R-HSA-9661069
REAC:R-HSA-453279	REAC:R-HSA-1538133
REAC:R-HSA-453279	REAC:R-HSA-68962
REAC:R-HSA-453279	REAC:R-HSA-69205
REAC:R-HSA-453279	REAC:R-HSA-1362277
REAC:R-HSA-453279	REAC:R-HSA-1362300
REAC:R-HSA-453279	REAC:R-HSA-187577
REAC:R-HSA-453279	REAC:R-HSA-113510
REAC:R-HSA-453279	REAC:R-HSA-113501
REAC:R-HSA-73894	REAC:R-HSA-73894
REAC:R-HSA-73894	REAC:R-HSA-5693532
REAC:R-HSA-73894	REAC:R-HSA-5693538
REAC:R-HSA-73894	REAC:R-HSA-9675135
REAC:R-HSA-73894	REAC:R-HSA-5693567
REAC:R-HSA-73894	REAC:R-HSA-5685942
REAC:R-HSA-73894	REAC:R-HSA-5685938
REAC:R-HSA-73894	REAC:R-HSA-5693579
REAC:R-HSA-73894	REAC:R-HSA-9701190
REAC:R-HSA-73894	REAC:R-HSA-9709570
REAC:R-HSA-73894	REAC:R-HSA-9675136
REAC:R-HSA-73894	REAC:R-HSA-5693616
REAC:R-HSA-73894	REAC:R-HSA-9709603
REAC:R-HSA-73894	REAC:R-HSA-9704646
REAC:R-HSA-73894	REAC:R-HSA-5693568
REAC:R-HSA-73894	REAC:R-HSA-9704331
REAC:R-HSA-73894	REAC:R-HSA-73933
REAC:R-HSA-73894	REAC:R-HSA-9701193
REAC:R-HSA-73894	REAC:R-HSA-5693607
REAC:R-HSA-73894	REAC:R-HSA-5693537
REAC:R-HSA-73894	REAC:R-HSA-9701192
REAC:R-HSA-73894	REAC:R-HSA-5693554
REAC:R-HSA-73894	REAC:R-HSA-73884
REAC:R-HSA-73894	REAC:R-HSA-174414
REAC:R-HSA-73894	REAC:R-HSA-5696399
REAC:R-HSA-73894	REAC:R-HSA-5358508
REAC:R-HSA-73894	REAC:R-HSA-5696398
REAC:R-HSA-73894	REAC:R-HSA-6781823
REAC:R-HSA-73894	REAC:R-HSA-5696400
REAC:R-HSA-73894	REAC:R-HSA-174437
REAC:R-HSA-73894	REAC:R-HSA-6781827
REAC:R-HSA-73894	REAC:R-HSA-110373
REAC:R-HSA-73894	REAC:R-HSA-5696394
REAC:R-HSA-73894	REAC:R-HSA-5358565
REAC:R-HSA-73894	REAC:R-HSA-5358606
REAC:R-HSA-73894	REAC:R-HSA-5651801
REAC:R-HSA-73894	REAC:R-HSA-110314
REAC:R-HSA-73894	REAC:R-HSA-5693571
REAC:R-HSA-73894	REAC:R-HSA-6782135
REAC:R-HSA-73894	REAC:R-HSA-5693565
REAC:R-HSA-73894	REAC:R-HSA-5693606
REAC:R-HSA-73894	REAC:R-HSA-5696397
REAC:R-HSA-73894	REAC:R-HSA-6782210
REAC:R-HSA-73894	REAC:R-HSA-5685939
REAC:R-HSA-73894	REAC:R-HSA-73893
REAC:R-HSA-73894	REAC:R-HSA-5696395
REAC:R-HSA-73894	REAC:R-HSA-5656169
REAC:R-HSA-73894	REAC:R-HSA-6783310
REAC:R-HSA-73894	REAC:R-HSA-110313
REAC:R-HSA-73894	REAC:R-HSA-110329
REAC:R-HSA-73894	REAC:R-HSA-73928
REAC:R-HSA-73894	REAC:R-HSA-110328
REAC:R-HSA-73894	REAC:R-HSA-73929
REAC:R-HSA-73894	REAC:R-HSA-171306
REAC:R-HSA-73894	REAC:R-HSA-110312
REAC:R-HSA-73894	REAC:R-HSA-73927
REAC:R-HSA-73894	REAC:R-HSA-110331
REAC:R-HSA-73894	REAC:R-HSA-5656121
REAC:R-HSA-73894	REAC:R-HSA-110330
REAC:R-HSA-73894	REAC:R-HSA-5655862
REAC:R-HSA-73894	REAC:R-HSA-110320
REAC:R-HSA-8951664	REAC:R-HSA-8951664
REAC:R-HSA-9006934	REAC:R-HSA-9006934
REAC:R-HSA-9006934	REAC:R-HSA-5637812
REAC:R-HSA-9006934	REAC:R-HSA-186763
REAC:R-HSA-9006934	REAC:R-HSA-5637810
REAC:R-HSA-9006934	REAC:R-HSA-194138
REAC:R-HSA-9006934	REAC:R-HSA-4420097
REAC:R-HSA-9006934	REAC:R-HSA-9665348
REAC:R-HSA-9006934	REAC:R-HSA-186797
REAC:R-HSA-9006934	REAC:R-HSA-5637815
REAC:R-HSA-9006934	REAC:R-HSA-77387
REAC:R-HSA-9006934	REAC:R-HSA-1236382
REAC:R-HSA-9006934	REAC:R-HSA-177929
REAC:R-HSA-9006934	REAC:R-HSA-6806834
REAC:R-HSA-9006934	REAC:R-HSA-9664565
REAC:R-HSA-9006934	REAC:R-HSA-1227986
REAC:R-HSA-9006934	REAC:R-HSA-8875878
REAC:R-HSA-9006934	REAC:R-HSA-1227990
REAC:R-HSA-9006934	REAC:R-HSA-1643713
REAC:R-HSA-9006934	REAC:R-HSA-8874081
REAC:R-HSA-9006934	REAC:R-HSA-177504
REAC:R-HSA-9006934	REAC:R-HSA-9665686
REAC:R-HSA-9006934	REAC:R-HSA-1251985
REAC:R-HSA-9006934	REAC:R-HSA-74752
REAC:R-HSA-9006934	REAC:R-HSA-166520
REAC:R-HSA-9006934	REAC:R-HSA-1236394
REAC:R-HSA-9006934	REAC:R-HSA-187687
REAC:R-HSA-9006934	REAC:R-HSA-187037
REAC:R-HSA-9006934	REAC:R-HSA-8875360
REAC:R-HSA-9006934	REAC:R-HSA-1433557
REAC:R-HSA-9006934	REAC:R-HSA-182971
REAC:R-HSA-9006934	REAC:R-HSA-8863795
REAC:R-HSA-9006934	REAC:R-HSA-6807004
REAC:R-HSA-9006934	REAC:R-HSA-9670439
REAC:R-HSA-9006934	REAC:R-HSA-9669938
REAC:R-HSA-9006934	REAC:R-HSA-9006115
REAC:R-HSA-9006934	REAC:R-HSA-1963642
REAC:R-HSA-9006934	REAC:R-HSA-8875555
REAC:R-HSA-9006934	REAC:R-HSA-169893
REAC:R-HSA-9006934	REAC:R-HSA-5654741
REAC:R-HSA-9006934	REAC:R-HSA-9673770
REAC:R-HSA-9006934	REAC:R-HSA-170968
REAC:R-HSA-9006934	REAC:R-HSA-9673767
REAC:R-HSA-9006934	REAC:R-HSA-9701898
REAC:R-HSA-9006934	REAC:R-HSA-5654743
REAC:R-HSA-9006934	REAC:R-HSA-180292
REAC:R-HSA-9006934	REAC:R-HSA-1433559
REAC:R-HSA-9006934	REAC:R-HSA-5654708
REAC:R-HSA-9006934	REAC:R-HSA-1250196
REAC:R-HSA-9006934	REAC:R-HSA-5654736
REAC:R-HSA-9006934	REAC:R-HSA-9031628
REAC:R-HSA-9006934	REAC:R-HSA-74751
REAC:R-HSA-9006934	REAC:R-HSA-5654687
REAC:R-HSA-9006934	REAC:R-HSA-5654716
REAC:R-HSA-9006934	REAC:R-HSA-201556
REAC:R-HSA-9006934	REAC:R-HSA-5654696
REAC:R-HSA-9006934	REAC:R-HSA-5218920
REAC:R-HSA-9006934	REAC:R-HSA-198725
REAC:R-HSA-9006934	REAC:R-HSA-9034015
REAC:R-HSA-9006934	REAC:R-HSA-180336
REAC:R-HSA-9006934	REAC:R-HSA-2428928
REAC:R-HSA-9006934	REAC:R-HSA-2428924
REAC:R-HSA-9006934	REAC:R-HSA-2404192
REAC:R-HSA-9006934	REAC:R-HSA-5654738
REAC:R-HSA-9006934	REAC:R-HSA-1963640
REAC:R-HSA-9006934	REAC:R-HSA-112399
REAC:R-HSA-9006934	REAC:R-HSA-190236
REAC:R-HSA-9006934	REAC:R-HSA-109704
REAC:R-HSA-9006934	REAC:R-HSA-1295596
REAC:R-HSA-9006934	REAC:R-HSA-167044
REAC:R-HSA-9006934	REAC:R-HSA-5654732
REAC:R-HSA-9006934	REAC:R-HSA-5654710
REAC:R-HSA-9006934	REAC:R-HSA-5654726
REAC:R-HSA-9006934	REAC:R-HSA-5654733
REAC:R-HSA-9006934	REAC:R-HSA-5654689
REAC:R-HSA-9006934	REAC:R-HSA-5654727
REAC:R-HSA-9006934	REAC:R-HSA-5654720
REAC:R-HSA-9006934	REAC:R-HSA-5654695
REAC:R-HSA-9006934	REAC:R-HSA-5218921
REAC:R-HSA-9006934	REAC:R-HSA-1250347
REAC:R-HSA-9006934	REAC:R-HSA-179812
REAC:R-HSA-168643	REAC:R-HSA-168643
REAC:R-HSA-168643	REAC:R-HSA-622312
REAC:R-HSA-168643	REAC:R-HSA-168638
REAC:R-HSA-168643	REAC:R-HSA-844456
REAC:R-HSA-168643	REAC:R-HSA-937042
REAC:R-HSA-140877	REAC:R-HSA-140877
REAC:R-HSA-140877	REAC:R-HSA-140837
REAC:R-HSA-140877	REAC:R-HSA-140875
REAC:R-HSA-199991	REAC:R-HSA-199991
REAC:R-HSA-199991	REAC:R-HSA-9007101
REAC:R-HSA-199991	REAC:R-HSA-917729
REAC:R-HSA-199991	REAC:R-HSA-8876198
REAC:R-HSA-199991	REAC:R-HSA-8856825
REAC:R-HSA-199991	REAC:R-HSA-199992
REAC:R-HSA-199991	REAC:R-HSA-8856828
REAC:R-HSA-199991	REAC:R-HSA-8854214
REAC:R-HSA-199991	REAC:R-HSA-432720
REAC:R-HSA-199991	REAC:R-HSA-432722
REAC:R-HSA-199991	REAC:R-HSA-6811440
REAC:R-HSA-199991	REAC:R-HSA-6811442
REAC:R-HSA-199991	REAC:R-HSA-6811438
REAC:R-HSA-199991	REAC:R-HSA-1445148
REAC:R-HSA-199991	REAC:R-HSA-204005
REAC:R-HSA-199991	REAC:R-HSA-196025
REAC:R-HSA-199991	REAC:R-HSA-190873
REAC:R-HSA-168164	REAC:R-HSA-168164
REAC:R-HSA-168164	REAC:R-HSA-445989
REAC:R-HSA-168164	REAC:R-HSA-450294
REAC:R-HSA-168164	REAC:R-HSA-5684264
REAC:R-HSA-168164	REAC:R-HSA-168927
REAC:R-HSA-168164	REAC:R-HSA-450321
REAC:R-HSA-168164	REAC:R-HSA-450302
REAC:R-HSA-168164	REAC:R-HSA-9014325
REAC:R-HSA-168164	REAC:R-HSA-9013973
REAC:R-HSA-162582	REAC:R-HSA-162582
REAC:R-HSA-991365	REAC:R-HSA-991365
REAC:R-HSA-991365	REAC:R-HSA-977444
REAC:R-HSA-991365	REAC:R-HSA-1296041
REAC:R-HSA-991365	REAC:R-HSA-1296059
REAC:R-HSA-991365	REAC:R-HSA-997272
REAC:R-HSA-991365	REAC:R-HSA-170670
REAC:R-HSA-8853659	REAC:R-HSA-8853659
REAC:R-HSA-166016	REAC:R-HSA-166016
REAC:R-HSA-166016	REAC:R-HSA-166166
REAC:R-HSA-166016	REAC:R-HSA-937061
REAC:R-HSA-166016	REAC:R-HSA-166058
REAC:R-HSA-166016	REAC:R-HSA-168188
REAC:R-HSA-166016	REAC:R-HSA-168179
REAC:R-HSA-166016	REAC:R-HSA-181438
REAC:R-HSA-166016	REAC:R-HSA-937041
REAC:R-HSA-166016	REAC:R-HSA-937072
REAC:R-HSA-166016	REAC:R-HSA-975163
REAC:R-HSA-166016	REAC:R-HSA-936964
REAC:R-HSA-166016	REAC:R-HSA-937039
REAC:R-HSA-166016	REAC:R-HSA-975144
REAC:R-HSA-166016	REAC:R-HSA-5603041
REAC:R-HSA-74160	REAC:R-HSA-74160
REAC:R-HSA-74160	REAC:R-HSA-73857
REAC:R-HSA-74160	REAC:R-HSA-167172
REAC:R-HSA-74160	REAC:R-HSA-674695
REAC:R-HSA-74160	REAC:R-HSA-167152
REAC:R-HSA-74160	REAC:R-HSA-203927
REAC:R-HSA-74160	REAC:R-HSA-73776
REAC:R-HSA-74160	REAC:R-HSA-167162
REAC:R-HSA-74160	REAC:R-HSA-75953
REAC:R-HSA-74160	REAC:R-HSA-76042
REAC:R-HSA-74160	REAC:R-HSA-73779
REAC:R-HSA-74160	REAC:R-HSA-167161
REAC:R-HSA-74160	REAC:R-HSA-75955
REAC:R-HSA-74160	REAC:R-HSA-112382
REAC:R-HSA-74160	REAC:R-HSA-6807505
REAC:R-HSA-74160	REAC:R-HSA-167246
REAC:R-HSA-74160	REAC:R-HSA-167200
REAC:R-HSA-74160	REAC:R-HSA-211000
REAC:R-HSA-74160	REAC:R-HSA-167169
REAC:R-HSA-74160	REAC:R-HSA-167158
REAC:R-HSA-74160	REAC:R-HSA-113418
REAC:R-HSA-74160	REAC:R-HSA-167160
REAC:R-HSA-74160	REAC:R-HSA-77075
REAC:R-HSA-74160	REAC:R-HSA-72086
REAC:R-HSA-74160	REAC:R-HSA-73762
REAC:R-HSA-74160	REAC:R-HSA-76046
REAC:R-HSA-74160	REAC:R-HSA-74158
REAC:R-HSA-74160	REAC:R-HSA-4655427
REAC:R-HSA-74160	REAC:R-HSA-749476
REAC:R-HSA-74160	REAC:R-HSA-212165
REAC:R-HSA-74160	REAC:R-HSA-73863
REAC:R-HSA-74160	REAC:R-HSA-76061
REAC:R-HSA-74160	REAC:R-HSA-427413
REAC:R-HSA-74160	REAC:R-HSA-5250941
REAC:R-HSA-74160	REAC:R-HSA-73854
REAC:R-HSA-74160	REAC:R-HSA-73864
REAC:R-HSA-74160	REAC:R-HSA-76066
REAC:R-HSA-74160	REAC:R-HSA-73772
REAC:R-HSA-74160	REAC:R-HSA-167242
REAC:R-HSA-74160	REAC:R-HSA-76071
REAC:R-HSA-2644606	REAC:R-HSA-2644606
REAC:R-HSA-2644606	REAC:R-HSA-2894862
REAC:R-HSA-2644606	REAC:R-HSA-2894858
REAC:R-HSA-2644606	REAC:R-HSA-2644603
REAC:R-HSA-2644606	REAC:R-HSA-2644602
REAC:R-HSA-2644606	REAC:R-HSA-2691230
REAC:R-HSA-2644606	REAC:R-HSA-2691232
REAC:R-HSA-71406	REAC:R-HSA-71406
REAC:R-HSA-71406	REAC:R-HSA-204174
REAC:R-HSA-71406	REAC:R-HSA-70268
REAC:R-HSA-71406	REAC:R-HSA-71403
REAC:R-HSA-597592	REAC:R-HSA-597592
REAC:R-HSA-597592	REAC:R-HSA-8873719
REAC:R-HSA-597592	REAC:R-HSA-2990846
REAC:R-HSA-597592	REAC:R-HSA-8957275
REAC:R-HSA-597592	REAC:R-HSA-3108232
REAC:R-HSA-597592	REAC:R-HSA-446203
REAC:R-HSA-597592	REAC:R-HSA-4090294
REAC:R-HSA-597592	REAC:R-HSA-532668
REAC:R-HSA-597592	REAC:R-HSA-3899300
REAC:R-HSA-597592	REAC:R-HSA-901032
REAC:R-HSA-597592	REAC:R-HSA-3108214
REAC:R-HSA-597592	REAC:R-HSA-3232118
REAC:R-HSA-597592	REAC:R-HSA-901042
REAC:R-HSA-597592	REAC:R-HSA-159782
REAC:R-HSA-597592	REAC:R-HSA-159740
REAC:R-HSA-597592	REAC:R-HSA-159854
REAC:R-HSA-597592	REAC:R-HSA-3215018
REAC:R-HSA-597592	REAC:R-HSA-4551638
REAC:R-HSA-597592	REAC:R-HSA-5688426
REAC:R-HSA-597592	REAC:R-HSA-5689880
REAC:R-HSA-597592	REAC:R-HSA-5689896
REAC:R-HSA-597592	REAC:R-HSA-4755510
REAC:R-HSA-597592	REAC:R-HSA-4615885
REAC:R-HSA-597592	REAC:R-HSA-4570464
REAC:R-HSA-5653656	REAC:R-HSA-5653656
REAC:R-HSA-5653656	REAC:R-HSA-2173782
REAC:R-HSA-5653656	REAC:R-HSA-2168880
REAC:R-HSA-5653656	REAC:R-HSA-3000480
REAC:R-HSA-5663202	REAC:R-HSA-5663202
REAC:R-HSA-5663202	REAC:R-HSA-5387390
REAC:R-HSA-5663202	REAC:R-HSA-2219530
REAC:R-HSA-5663202	REAC:R-HSA-6802948
REAC:R-HSA-5663202	REAC:R-HSA-9656223
REAC:R-HSA-5663202	REAC:R-HSA-6802955
REAC:R-HSA-5663202	REAC:R-HSA-2219528
REAC:R-HSA-5663202	REAC:R-HSA-6802949
REAC:R-HSA-5663202	REAC:R-HSA-9649948
REAC:R-HSA-5663202	REAC:R-HSA-6802946
REAC:R-HSA-5663202	REAC:R-HSA-5362768
REAC:R-HSA-5663202	REAC:R-HSA-6802952
REAC:R-HSA-5663202	REAC:R-HSA-6802957
REAC:R-HSA-5663202	REAC:R-HSA-9682385
REAC:R-HSA-5663202	REAC:R-HSA-5655302
REAC:R-HSA-5663202	REAC:R-HSA-9703648
REAC:R-HSA-5663202	REAC:R-HSA-5655332
REAC:R-HSA-5663202	REAC:R-HSA-9671555
REAC:R-HSA-5663202	REAC:R-HSA-1226099
REAC:R-HSA-5663202	REAC:R-HSA-5673000
REAC:R-HSA-5663202	REAC:R-HSA-9725371
REAC:R-HSA-5663202	REAC:R-HSA-198693
REAC:R-HSA-5663202	REAC:R-HSA-9700206
REAC:R-HSA-5663202	REAC:R-HSA-9725370
REAC:R-HSA-5663202	REAC:R-HSA-4791275
REAC:R-HSA-5663202	REAC:R-HSA-5674400
REAC:R-HSA-5663202	REAC:R-HSA-9702518
REAC:R-HSA-5663202	REAC:R-HSA-5655253
REAC:R-HSA-5663202	REAC:R-HSA-9703465
REAC:R-HSA-162588	REAC:R-HSA-162588
REAC:R-HSA-8949664	REAC:R-HSA-8949664
REAC:R-HSA-912631	REAC:R-HSA-912631
REAC:R-HSA-168249	REAC:R-HSA-168249
REAC:R-HSA-168249	REAC:R-HSA-2029480
REAC:R-HSA-168249	REAC:R-HSA-168898
REAC:R-HSA-168249	REAC:R-HSA-975155
REAC:R-HSA-168249	REAC:R-HSA-168181
REAC:R-HSA-168249	REAC:R-HSA-168138
REAC:R-HSA-168249	REAC:R-HSA-975138
REAC:R-HSA-168249	REAC:R-HSA-5607764
REAC:R-HSA-168249	REAC:R-HSA-9664422
REAC:R-HSA-168249	REAC:R-HSA-9664407
REAC:R-HSA-168249	REAC:R-HSA-168928
REAC:R-HSA-168249	REAC:R-HSA-168176
REAC:R-HSA-168249	REAC:R-HSA-9664417
REAC:R-HSA-168249	REAC:R-HSA-168142
REAC:R-HSA-168249	REAC:R-HSA-975871
REAC:R-HSA-168249	REAC:R-HSA-1222556
REAC:R-HSA-168249	REAC:R-HSA-5621481
REAC:R-HSA-168249	REAC:R-HSA-2029482
REAC:R-HSA-168249	REAC:R-HSA-2424491
REAC:R-HSA-168249	REAC:R-HSA-2172127
REAC:R-HSA-168249	REAC:R-HSA-933542
REAC:R-HSA-168249	REAC:R-HSA-1810476
REAC:R-HSA-168249	REAC:R-HSA-1606322
REAC:R-HSA-168249	REAC:R-HSA-2871837
REAC:R-HSA-168249	REAC:R-HSA-5260271
REAC:R-HSA-168249	REAC:R-HSA-5602358
REAC:R-HSA-168249	REAC:R-HSA-6798695
REAC:R-HSA-168249	REAC:R-HSA-2454202
REAC:R-HSA-168249	REAC:R-HSA-1834949
REAC:R-HSA-168249	REAC:R-HSA-933543
REAC:R-HSA-168249	REAC:R-HSA-5663213
REAC:R-HSA-168249	REAC:R-HSA-2871809
REAC:R-HSA-168249	REAC:R-HSA-5607761
REAC:R-HSA-168249	REAC:R-HSA-975110
REAC:R-HSA-168249	REAC:R-HSA-5621575
REAC:R-HSA-168249	REAC:R-HSA-5676590
REAC:R-HSA-168249	REAC:R-HSA-9645460
REAC:R-HSA-168249	REAC:R-HSA-933541
REAC:R-HSA-168249	REAC:R-HSA-3270619
REAC:R-HSA-168249	REAC:R-HSA-1834941
REAC:R-HSA-168249	REAC:R-HSA-2871796
REAC:R-HSA-168249	REAC:R-HSA-918233
REAC:R-HSA-168249	REAC:R-HSA-936440
REAC:R-HSA-168249	REAC:R-HSA-2730905
REAC:R-HSA-168249	REAC:R-HSA-2029485
REAC:R-HSA-168249	REAC:R-HSA-5621480
REAC:R-HSA-69278	REAC:R-HSA-69278
REAC:R-HSA-69278	REAC:R-HSA-9668328
REAC:R-HSA-69278	REAC:R-HSA-69242
REAC:R-HSA-69278	REAC:R-HSA-2995410
REAC:R-HSA-69278	REAC:R-HSA-69656
REAC:R-HSA-69278	REAC:R-HSA-9687139
REAC:R-HSA-69278	REAC:R-HSA-69052
REAC:R-HSA-69278	REAC:R-HSA-69190
REAC:R-HSA-69278	REAC:R-HSA-69239
REAC:R-HSA-69278	REAC:R-HSA-68949
REAC:R-HSA-69278	REAC:R-HSA-68882
REAC:R-HSA-69278	REAC:R-HSA-2555396
REAC:R-HSA-69278	REAC:R-HSA-69183
REAC:R-HSA-69278	REAC:R-HSA-68886
REAC:R-HSA-69278	REAC:R-HSA-69166
REAC:R-HSA-69278	REAC:R-HSA-69273
REAC:R-HSA-69278	REAC:R-HSA-453274
REAC:R-HSA-69278	REAC:R-HSA-69186
REAC:R-HSA-69278	REAC:R-HSA-69275
REAC:R-HSA-69278	REAC:R-HSA-69109
REAC:R-HSA-69278	REAC:R-HSA-69091
REAC:R-HSA-69278	REAC:R-HSA-453276
REAC:R-HSA-69278	REAC:R-HSA-174143
REAC:R-HSA-69278	REAC:R-HSA-176974
REAC:R-HSA-69278	REAC:R-HSA-176408
REAC:R-HSA-69278	REAC:R-HSA-156711
REAC:R-HSA-69278	REAC:R-HSA-2565942
REAC:R-HSA-69278	REAC:R-HSA-9648025
REAC:R-HSA-69278	REAC:R-HSA-69017
REAC:R-HSA-69278	REAC:R-HSA-2514853
REAC:R-HSA-69278	REAC:R-HSA-8852276
REAC:R-HSA-5358351	REAC:R-HSA-5358351
REAC:R-HSA-5358351	REAC:R-HSA-5358346
REAC:R-HSA-5358351	REAC:R-HSA-5635838
REAC:R-HSA-5358351	REAC:R-HSA-164378
REAC:R-HSA-5358351	REAC:R-HSA-5632684
REAC:R-HSA-5358351	REAC:R-HSA-5610787
REAC:R-HSA-194315	REAC:R-HSA-194315
REAC:R-HSA-194315	REAC:R-HSA-9012999
REAC:R-HSA-194315	REAC:R-HSA-5625970
REAC:R-HSA-194315	REAC:R-HSA-9013149
REAC:R-HSA-194315	REAC:R-HSA-195258
REAC:R-HSA-194315	REAC:R-HSA-9013407
REAC:R-HSA-194315	REAC:R-HSA-9013408
REAC:R-HSA-194315	REAC:R-HSA-9013420
REAC:R-HSA-194315	REAC:R-HSA-9013404
REAC:R-HSA-194315	REAC:R-HSA-9013148
REAC:R-HSA-194315	REAC:R-HSA-9013424
REAC:R-HSA-194315	REAC:R-HSA-9013406
REAC:R-HSA-194315	REAC:R-HSA-9013418
REAC:R-HSA-194315	REAC:R-HSA-9013409
REAC:R-HSA-194315	REAC:R-HSA-8980692
REAC:R-HSA-391160	REAC:R-HSA-391160
REAC:R-HSA-8949215	REAC:R-HSA-8949215
REAC:R-HSA-109582	REAC:R-HSA-109582
REAC:R-HSA-109582	REAC:R-HSA-202733
REAC:R-HSA-109582	REAC:R-HSA-392851
REAC:R-HSA-109582	REAC:R-HSA-210990
REAC:R-HSA-109582	REAC:R-HSA-75892
REAC:R-HSA-109582	REAC:R-HSA-210993
REAC:R-HSA-109582	REAC:R-HSA-983231
REAC:R-HSA-109582	REAC:R-HSA-418346
REAC:R-HSA-1234174	REAC:R-HSA-1234174
REAC:R-HSA-1234174	REAC:R-HSA-1234176
REAC:R-HSA-1234174	REAC:R-HSA-1234158
REAC:R-HSA-75893	REAC:R-HSA-75893
REAC:R-HSA-75893	REAC:R-HSA-5357956
REAC:R-HSA-75893	REAC:R-HSA-5357905
REAC:R-HSA-75893	REAC:R-HSA-5357786
REAC:R-HSA-9716542	REAC:R-HSA-9716542
REAC:R-HSA-9615710	REAC:R-HSA-9615710
REAC:R-HSA-9006931	REAC:R-HSA-9006931
REAC:R-HSA-9006931	REAC:R-HSA-9024446
REAC:R-HSA-9006931	REAC:R-HSA-9029569
REAC:R-HSA-9006931	REAC:R-HSA-9018519
REAC:R-HSA-9006931	REAC:R-HSA-5362517
REAC:R-HSA-9006931	REAC:R-HSA-8939211
REAC:R-HSA-9006931	REAC:R-HSA-9009391
REAC:R-HSA-9006931	REAC:R-HSA-9634638
REAC:R-HSA-1500931	REAC:R-HSA-1500931
REAC:R-HSA-1500931	REAC:R-HSA-418990
REAC:R-HSA-1500931	REAC:R-HSA-373753
REAC:R-HSA-1500931	REAC:R-HSA-421270
REAC:R-HSA-1500931	REAC:R-HSA-446728
REAC:R-HSA-1500931	REAC:R-HSA-420029
REAC:R-HSA-174824	REAC:R-HSA-174824
REAC:R-HSA-174824	REAC:R-HSA-8964043
REAC:R-HSA-174824	REAC:R-HSA-8964038
REAC:R-HSA-174824	REAC:R-HSA-8866427
REAC:R-HSA-174824	REAC:R-HSA-8963888
REAC:R-HSA-174824	REAC:R-HSA-8963901
REAC:R-HSA-174824	REAC:R-HSA-8963898
REAC:R-HSA-174824	REAC:R-HSA-8963899
REAC:R-HSA-389661	REAC:R-HSA-389661
REAC:R-HSA-512988	REAC:R-HSA-512988
REAC:R-HSA-512988	REAC:R-HSA-912526
REAC:R-HSA-392499	REAC:R-HSA-392499
REAC:R-HSA-392499	REAC:R-HSA-381426
REAC:R-HSA-392499	REAC:R-HSA-977225
REAC:R-HSA-392499	REAC:R-HSA-2022377
REAC:R-HSA-392499	REAC:R-HSA-6814122
REAC:R-HSA-392499	REAC:R-HSA-390466
REAC:R-HSA-392499	REAC:R-HSA-391251
REAC:R-HSA-392499	REAC:R-HSA-389957
REAC:R-HSA-392499	REAC:R-HSA-381771
REAC:R-HSA-392499	REAC:R-HSA-400508
REAC:R-HSA-392499	REAC:R-HSA-389958
REAC:R-HSA-392499	REAC:R-HSA-5683826
REAC:R-HSA-392499	REAC:R-HSA-264876
REAC:R-HSA-9006936	REAC:R-HSA-9006936
REAC:R-HSA-9006936	REAC:R-HSA-2173789
REAC:R-HSA-9006936	REAC:R-HSA-170834
REAC:R-HSA-9006936	REAC:R-HSA-2173791
REAC:R-HSA-9006936	REAC:R-HSA-1502540
REAC:R-HSA-9006936	REAC:R-HSA-2173788
REAC:R-HSA-9006936	REAC:R-HSA-201451
REAC:R-HSA-73887	REAC:R-HSA-73887
REAC:R-HSA-73887	REAC:R-HSA-205043
REAC:R-HSA-73887	REAC:R-HSA-193692
REAC:R-HSA-73887	REAC:R-HSA-204998
REAC:R-HSA-73887	REAC:R-HSA-193704
REAC:R-HSA-73887	REAC:R-HSA-5218900
REAC:R-HSA-73887	REAC:R-HSA-69416
REAC:R-HSA-73887	REAC:R-HSA-3371378
REAC:R-HSA-73887	REAC:R-HSA-193639
REAC:R-HSA-73887	REAC:R-HSA-209560
REAC:R-HSA-73887	REAC:R-HSA-209543
REAC:R-HSA-422475	REAC:R-HSA-422475
REAC:R-HSA-422475	REAC:R-HSA-3928662
REAC:R-HSA-422475	REAC:R-HSA-2682334
REAC:R-HSA-422475	REAC:R-HSA-445144
REAC:R-HSA-422475	REAC:R-HSA-3928665
REAC:R-HSA-422475	REAC:R-HSA-373760
REAC:R-HSA-422475	REAC:R-HSA-437239
REAC:R-HSA-422475	REAC:R-HSA-375165
REAC:R-HSA-422475	REAC:R-HSA-419037
REAC:R-HSA-422475	REAC:R-HSA-373755
REAC:R-HSA-422475	REAC:R-HSA-418885
REAC:R-HSA-422475	REAC:R-HSA-399955
REAC:R-HSA-422475	REAC:R-HSA-399956
REAC:R-HSA-422475	REAC:R-HSA-399954
REAC:R-HSA-422475	REAC:R-HSA-373752
REAC:R-HSA-422475	REAC:R-HSA-3928664
REAC:R-HSA-422475	REAC:R-HSA-400685
REAC:R-HSA-422475	REAC:R-HSA-416700
REAC:R-HSA-422475	REAC:R-HSA-416572
REAC:R-HSA-422475	REAC:R-HSA-3928663
REAC:R-HSA-422475	REAC:R-HSA-428540
REAC:R-HSA-180786	REAC:R-HSA-180786
REAC:R-HSA-180786	REAC:R-HSA-174417
REAC:R-HSA-180786	REAC:R-HSA-171319
REAC:R-HSA-180786	REAC:R-HSA-174411
REAC:R-HSA-180786	REAC:R-HSA-174430
REAC:R-HSA-162599	REAC:R-HSA-162599
REAC:R-HSA-162599	REAC:R-HSA-174495
REAC:R-HSA-162599	REAC:R-HSA-174490
REAC:R-HSA-162599	REAC:R-HSA-175474
REAC:R-HSA-5674135	REAC:R-HSA-5674135
REAC:R-HSA-9675108	REAC:R-HSA-9675108
REAC:R-HSA-9675108	REAC:R-HSA-9619665
REAC:R-HSA-977443	REAC:R-HSA-977443
REAC:R-HSA-5620971	REAC:R-HSA-5620971
REAC:R-HSA-1640170	REAC:R-HSA-1640170
REAC:R-HSA-1640170	REAC:R-HSA-69481
REAC:R-HSA-1640170	REAC:R-HSA-69473
REAC:R-HSA-1640170	REAC:R-HSA-157579
REAC:R-HSA-1640170	REAC:R-HSA-73886
REAC:R-HSA-1640170	REAC:R-HSA-9675126
REAC:R-HSA-1640170	REAC:R-HSA-69620
REAC:R-HSA-1640170	REAC:R-HSA-176187
REAC:R-HSA-1640170	REAC:R-HSA-912446
REAC:R-HSA-1640170	REAC:R-HSA-1500620
REAC:R-HSA-1640170	REAC:R-HSA-69563
REAC:R-HSA-1640170	REAC:R-HSA-69580
REAC:R-HSA-1640170	REAC:R-HSA-69615
REAC:R-HSA-1640170	REAC:R-HSA-9670095
REAC:R-HSA-1640170	REAC:R-HSA-1221632
REAC:R-HSA-5684996	REAC:R-HSA-5684996
REAC:R-HSA-5684996	REAC:R-HSA-5673001
REAC:R-HSA-5684996	REAC:R-HSA-5675221
REAC:R-HSA-5684996	REAC:R-HSA-442982
REAC:R-HSA-5684996	REAC:R-HSA-112409
REAC:R-HSA-1980143	REAC:R-HSA-1980143
REAC:R-HSA-1980143	REAC:R-HSA-2122947
REAC:R-HSA-1980143	REAC:R-HSA-2122948
REAC:R-HSA-1428517	REAC:R-HSA-1428517
REAC:R-HSA-1296065	REAC:R-HSA-1296065
REAC:R-HSA-400206	REAC:R-HSA-400206
REAC:R-HSA-400206	REAC:R-HSA-1989781
REAC:R-HSA-168256	REAC:R-HSA-168256
REAC:R-HSA-164938	REAC:R-HSA-164938
REAC:R-HSA-5218859	REAC:R-HSA-5218859
REAC:R-HSA-5218859	REAC:R-HSA-5213460
REAC:R-HSA-5218859	REAC:R-HSA-5675482
REAC:R-HSA-164952	REAC:R-HSA-164952
REAC:R-HSA-1280215	REAC:R-HSA-1280215
REAC:R-HSA-1280215	REAC:R-HSA-9020702
REAC:R-HSA-1280215	REAC:R-HSA-446652
REAC:R-HSA-1280215	REAC:R-HSA-449836
REAC:R-HSA-1280215	REAC:R-HSA-9705462
REAC:R-HSA-1280215	REAC:R-HSA-1170546
REAC:R-HSA-1280215	REAC:R-HSA-451927
REAC:R-HSA-1280215	REAC:R-HSA-9674555
REAC:R-HSA-1280215	REAC:R-HSA-449147
REAC:R-HSA-1280215	REAC:R-HSA-5668541
REAC:R-HSA-1280215	REAC:R-HSA-448424
REAC:R-HSA-1280215	REAC:R-HSA-9607240
REAC:R-HSA-1280215	REAC:R-HSA-982772
REAC:R-HSA-1280215	REAC:R-HSA-5676594
REAC:R-HSA-1280215	REAC:R-HSA-8983432
REAC:R-HSA-1280215	REAC:R-HSA-9020558
REAC:R-HSA-1280215	REAC:R-HSA-6785807
REAC:R-HSA-1280215	REAC:R-HSA-5669034
REAC:R-HSA-1280215	REAC:R-HSA-9020958
REAC:R-HSA-1280215	REAC:R-HSA-1266695
REAC:R-HSA-5683057	REAC:R-HSA-5683057
REAC:R-HSA-5683057	REAC:R-HSA-5687128
REAC:R-HSA-418594	REAC:R-HSA-418594
REAC:R-HSA-418594	REAC:R-HSA-442720
REAC:R-HSA-418594	REAC:R-HSA-163615
REAC:R-HSA-418594	REAC:R-HSA-111885
REAC:R-HSA-418594	REAC:R-HSA-111931
REAC:R-HSA-418594	REAC:R-HSA-180024
REAC:R-HSA-418594	REAC:R-HSA-418217
REAC:R-HSA-418594	REAC:R-HSA-202040
REAC:R-HSA-418594	REAC:R-HSA-111997
REAC:R-HSA-418594	REAC:R-HSA-111933
REAC:R-HSA-418594	REAC:R-HSA-111996
REAC:R-HSA-418594	REAC:R-HSA-112043
REAC:R-HSA-418594	REAC:R-HSA-112040
REAC:R-HSA-9679504	REAC:R-HSA-9679504
REAC:R-HSA-9679504	REAC:R-HSA-9694676
REAC:R-HSA-162587	REAC:R-HSA-162587
REAC:R-HSA-162587	REAC:R-HSA-162594
REAC:R-HSA-157118	REAC:R-HSA-157118
REAC:R-HSA-157118	REAC:R-HSA-9013700
REAC:R-HSA-157118	REAC:R-HSA-9012852
REAC:R-HSA-157118	REAC:R-HSA-9013694
REAC:R-HSA-157118	REAC:R-HSA-2979096
REAC:R-HSA-157118	REAC:R-HSA-9013507
REAC:R-HSA-157118	REAC:R-HSA-1980145
REAC:R-HSA-157118	REAC:R-HSA-9013695
REAC:R-HSA-157118	REAC:R-HSA-1912422
REAC:R-HSA-157118	REAC:R-HSA-1912408
REAC:R-HSA-157118	REAC:R-HSA-9013508
REAC:R-HSA-157118	REAC:R-HSA-2197563
REAC:R-HSA-157118	REAC:R-HSA-1912420
REAC:R-HSA-157118	REAC:R-HSA-9604323
REAC:R-HSA-372790	REAC:R-HSA-372790
REAC:R-HSA-372790	REAC:R-HSA-388396
REAC:R-HSA-372790	REAC:R-HSA-418597
REAC:R-HSA-372790	REAC:R-HSA-9634597
REAC:R-HSA-372790	REAC:R-HSA-163359
REAC:R-HSA-372790	REAC:R-HSA-8964315
REAC:R-HSA-372790	REAC:R-HSA-397795
REAC:R-HSA-372790	REAC:R-HSA-8964616
REAC:R-HSA-372790	REAC:R-HSA-392451
REAC:R-HSA-372790	REAC:R-HSA-416482
REAC:R-HSA-372790	REAC:R-HSA-420092
REAC:R-HSA-372790	REAC:R-HSA-418555
REAC:R-HSA-372790	REAC:R-HSA-416476
REAC:R-HSA-372790	REAC:R-HSA-500792
REAC:R-HSA-372790	REAC:R-HSA-373080
REAC:R-HSA-372790	REAC:R-HSA-373076
REAC:R-HSA-372790	REAC:R-HSA-375280
REAC:R-HSA-372790	REAC:R-HSA-390666
REAC:R-HSA-372790	REAC:R-HSA-375276
REAC:R-HSA-372790	REAC:R-HSA-881907
REAC:R-HSA-917977	REAC:R-HSA-917977
REAC:R-HSA-9006335	REAC:R-HSA-9006335
REAC:R-HSA-9006335	REAC:R-HSA-9027284
REAC:R-HSA-9006335	REAC:R-HSA-9027276
REAC:R-HSA-9651496	REAC:R-HSA-9651496
REAC:R-HSA-9651496	REAC:R-HSA-9671793
REAC:R-HSA-2559583	REAC:R-HSA-2559583
REAC:R-HSA-2559583	REAC:R-HSA-2559585
REAC:R-HSA-2559583	REAC:R-HSA-2559580
REAC:R-HSA-2559583	REAC:R-HSA-2559582
REAC:R-HSA-2559583	REAC:R-HSA-2559586
REAC:R-HSA-4839726	REAC:R-HSA-4839726
REAC:R-HSA-4839726	REAC:R-HSA-3247509
REAC:R-HSA-4839726	REAC:R-HSA-3214815
REAC:R-HSA-4839726	REAC:R-HSA-3214858
REAC:R-HSA-4839726	REAC:R-HSA-3214841
REAC:R-HSA-6811558	REAC:R-HSA-6811558
REAC:R-HSA-5339562	REAC:R-HSA-5339562
REAC:R-HSA-5339562	REAC:R-HSA-168799
REAC:R-HSA-3371497	REAC:R-HSA-3371497
REAC:R-HSA-9610379	REAC:R-HSA-9610379
REAC:R-HSA-264642	REAC:R-HSA-264642
REAC:R-HSA-199418	REAC:R-HSA-199418
REAC:R-HSA-381676	REAC:R-HSA-381676
REAC:R-HSA-162906	REAC:R-HSA-162906
REAC:R-HSA-162906	REAC:R-HSA-162909
REAC:R-HSA-9694548	REAC:R-HSA-9694548
REAC:R-HSA-2132295	REAC:R-HSA-2132295
REAC:R-HSA-112314	REAC:R-HSA-112314
REAC:R-HSA-112314	REAC:R-HSA-500657
REAC:R-HSA-112314	REAC:R-HSA-451326
REAC:R-HSA-112314	REAC:R-HSA-9620244
REAC:R-HSA-112314	REAC:R-HSA-438064
REAC:R-HSA-112314	REAC:R-HSA-442755
REAC:R-HSA-112314	REAC:R-HSA-9617324
REAC:R-HSA-112314	REAC:R-HSA-438066
REAC:R-HSA-112314	REAC:R-HSA-442742
REAC:R-HSA-112314	REAC:R-HSA-9609736
REAC:R-HSA-112314	REAC:R-HSA-451306
REAC:R-HSA-112314	REAC:R-HSA-451308
REAC:R-HSA-181429	REAC:R-HSA-181429
REAC:R-HSA-2262752	REAC:R-HSA-2262752
REAC:R-HSA-2262752	REAC:R-HSA-3371556
REAC:R-HSA-2262752	REAC:R-HSA-3371571
REAC:R-HSA-2262752	REAC:R-HSA-3371568
REAC:R-HSA-2262752	REAC:R-HSA-9639288
REAC:R-HSA-2262752	REAC:R-HSA-9707616
REAC:R-HSA-2262752	REAC:R-HSA-9755511
REAC:R-HSA-2262752	REAC:R-HSA-9707564
REAC:R-HSA-2262752	REAC:R-HSA-9708530
REAC:R-HSA-2262752	REAC:R-HSA-9711123
REAC:R-HSA-2262752	REAC:R-HSA-9759194
REAC:R-HSA-2262752	REAC:R-HSA-3371511
REAC:R-HSA-2262752	REAC:R-HSA-3371453
REAC:R-HSA-2262752	REAC:R-HSA-9762114
REAC:R-HSA-1643685	REAC:R-HSA-1643685
REAC:R-HSA-1643685	REAC:R-HSA-9609646
REAC:R-HSA-1643685	REAC:R-HSA-9772572
REAC:R-HSA-1643685	REAC:R-HSA-9658195
REAC:R-HSA-1643685	REAC:R-HSA-9772573
REAC:R-HSA-1643685	REAC:R-HSA-5663205
REAC:R-HSA-1643685	REAC:R-HSA-9678108
REAC:R-HSA-1643685	REAC:R-HSA-9694635
REAC:R-HSA-1643685	REAC:R-HSA-8876384
REAC:R-HSA-1643685	REAC:R-HSA-5678895
REAC:R-HSA-1643685	REAC:R-HSA-9694516
REAC:R-HSA-1643685	REAC:R-HSA-9660821
REAC:R-HSA-1643685	REAC:R-HSA-9664323
REAC:R-HSA-1643685	REAC:R-HSA-9679506
REAC:R-HSA-1643685	REAC:R-HSA-9705671
REAC:R-HSA-1643685	REAC:R-HSA-5619084
REAC:R-HSA-1643685	REAC:R-HSA-9662851
REAC:R-HSA-1643685	REAC:R-HSA-9664433
REAC:R-HSA-1643685	REAC:R-HSA-9705683
REAC:R-HSA-1643685	REAC:R-HSA-9660826
REAC:R-HSA-1643685	REAC:R-HSA-9664424
REAC:R-HSA-1643685	REAC:R-HSA-9609690
REAC:R-HSA-1643685	REAC:R-HSA-9645723
REAC:R-HSA-1643685	REAC:R-HSA-9734009
REAC:R-HSA-1643685	REAC:R-HSA-8862803
REAC:R-HSA-1643685	REAC:R-HSA-8863678
REAC:R-HSA-1643685	REAC:R-HSA-9679191
REAC:R-HSA-181430	REAC:R-HSA-181430
REAC:R-HSA-975634	REAC:R-HSA-975634
REAC:R-HSA-422356	REAC:R-HSA-422356
REAC:R-HSA-422356	REAC:R-HSA-400042
REAC:R-HSA-422356	REAC:R-HSA-399997
REAC:R-HSA-422356	REAC:R-HSA-400451
REAC:R-HSA-917937	REAC:R-HSA-917937
REAC:R-HSA-9603798	REAC:R-HSA-9603798
REAC:R-HSA-888590	REAC:R-HSA-888590
REAC:R-HSA-6806667	REAC:R-HSA-6806667
REAC:R-HSA-1266738	REAC:R-HSA-1266738
REAC:R-HSA-1266738	REAC:R-HSA-210744
REAC:R-HSA-1266738	REAC:R-HSA-381340
REAC:R-HSA-1266738	REAC:R-HSA-186712
REAC:R-HSA-1266738	REAC:R-HSA-9690406
REAC:R-HSA-1266738	REAC:R-HSA-1181150
REAC:R-HSA-1266738	REAC:R-HSA-9616222
REAC:R-HSA-1266738	REAC:R-HSA-525793
REAC:R-HSA-1266738	REAC:R-HSA-5619507
REAC:R-HSA-1266738	REAC:R-HSA-5617472
REAC:R-HSA-8953897	REAC:R-HSA-8953897
REAC:R-HSA-983712	REAC:R-HSA-983712
REAC:R-HSA-983712	REAC:R-HSA-936837
REAC:R-HSA-112310	REAC:R-HSA-112310
REAC:R-HSA-112310	REAC:R-HSA-212676
REAC:R-HSA-112310	REAC:R-HSA-210500
REAC:R-HSA-382551	REAC:R-HSA-382551
REAC:R-HSA-382551	REAC:R-HSA-1369062
REAC:R-HSA-382551	REAC:R-HSA-432040
REAC:R-HSA-382551	REAC:R-HSA-445717
REAC:R-HSA-382551	REAC:R-HSA-5223345
REAC:R-HSA-1296071	REAC:R-HSA-1296071
REAC:R-HSA-9627069	REAC:R-HSA-9627069
REAC:R-HSA-9627069	REAC:R-HSA-111458
REAC:R-HSA-5140745	REAC:R-HSA-5140745
REAC:R-HSA-1489509	REAC:R-HSA-1489509
REAC:R-HSA-4086398	REAC:R-HSA-4086398
REAC:R-HSA-1280218	REAC:R-HSA-1280218
REAC:R-HSA-1280218	REAC:R-HSA-983168
REAC:R-HSA-1280218	REAC:R-HSA-202433
REAC:R-HSA-1280218	REAC:R-HSA-1169091
REAC:R-HSA-1280218	REAC:R-HSA-1168372
REAC:R-HSA-1280218	REAC:R-HSA-983169
REAC:R-HSA-1280218	REAC:R-HSA-202403
REAC:R-HSA-1280218	REAC:R-HSA-202424
REAC:R-HSA-1280218	REAC:R-HSA-983695
REAC:R-HSA-1280218	REAC:R-HSA-983705
REAC:R-HSA-1280218	REAC:R-HSA-389356
REAC:R-HSA-1280218	REAC:R-HSA-8851680
REAC:R-HSA-1280218	REAC:R-HSA-388841
REAC:R-HSA-1280218	REAC:R-HSA-389357
REAC:R-HSA-1280218	REAC:R-HSA-389513
REAC:R-HSA-1280218	REAC:R-HSA-198933
REAC:R-HSA-1280218	REAC:R-HSA-389359
REAC:R-HSA-5099900	REAC:R-HSA-5099900
REAC:R-HSA-9612973	REAC:R-HSA-9612973
REAC:R-HSA-9612973	REAC:R-HSA-1632852
REAC:R-HSA-112315	REAC:R-HSA-112315
REAC:R-HSA-9006925	REAC:R-HSA-9006925
REAC:R-HSA-9006925	REAC:R-HSA-8943724
REAC:R-HSA-9006925	REAC:R-HSA-6807070
REAC:R-HSA-9006925	REAC:R-HSA-1257604
REAC:R-HSA-9006925	REAC:R-HSA-198323
REAC:R-HSA-9006925	REAC:R-HSA-8948751
REAC:R-HSA-111461	REAC:R-HSA-111461
REAC:R-HSA-1660499	REAC:R-HSA-1660499
REAC:R-HSA-196854	REAC:R-HSA-196854
REAC:R-HSA-196854	REAC:R-HSA-196741
REAC:R-HSA-163685	REAC:R-HSA-163685
REAC:R-HSA-5357801	REAC:R-HSA-5357801
REAC:R-HSA-5357801	REAC:R-HSA-111471
REAC:R-HSA-5357801	REAC:R-HSA-140534
REAC:R-HSA-5357801	REAC:R-HSA-109581
REAC:R-HSA-5357801	REAC:R-HSA-109606
REAC:R-HSA-5357801	REAC:R-HSA-5357769
REAC:R-HSA-5357801	REAC:R-HSA-114452
REAC:R-HSA-5357801	REAC:R-HSA-111447
REAC:R-HSA-69306	REAC:R-HSA-69306
REAC:R-HSA-69306	REAC:R-HSA-69002
REAC:R-HSA-69306	REAC:R-HSA-68867
REAC:R-HSA-69306	REAC:R-HSA-68616
REAC:R-HSA-6794361	REAC:R-HSA-6794361
REAC:R-HSA-112316	REAC:R-HSA-112316
REAC:R-HSA-112316	REAC:R-HSA-8849932
REAC:R-HSA-112316	REAC:R-HSA-6794362
REAC:R-HSA-9609507	REAC:R-HSA-9609507
REAC:R-HSA-9609507	REAC:R-HSA-1268020
REAC:R-HSA-2187338	REAC:R-HSA-2187338
REAC:R-HSA-9006927	REAC:R-HSA-9006927
REAC:R-HSA-9006927	REAC:R-HSA-8848021
REAC:R-HSA-9006927	REAC:R-HSA-8849471
REAC:R-HSA-5578768	REAC:R-HSA-5578768
REAC:R-HSA-5576893	REAC:R-HSA-5576893
REAC:R-HSA-1474165	REAC:R-HSA-1474165
REAC:R-HSA-3858494	REAC:R-HSA-3858494
REAC:R-HSA-3858494	REAC:R-HSA-4086400
REAC:R-HSA-70895	REAC:R-HSA-70895
REAC:R-HSA-400253	REAC:R-HSA-400253
REAC:R-HSA-400253	REAC:R-HSA-1368082
REAC:R-HSA-400253	REAC:R-HSA-1368108
REAC:R-HSA-71291	REAC:R-HSA-71291
REAC:R-HSA-71291	REAC:R-HSA-71064
REAC:R-HSA-71291	REAC:R-HSA-350562
REAC:R-HSA-71291	REAC:R-HSA-351202
REAC:R-HSA-1430728	REAC:R-HSA-1430728
REAC:R-HSA-5617833	REAC:R-HSA-5617833
REAC:R-HSA-5617833	REAC:R-HSA-5620920
REAC:R-HSA-5617833	REAC:R-HSA-5620912
REAC:R-HSA-556833	REAC:R-HSA-556833
REAC:R-HSA-556833	REAC:R-HSA-2426168
REAC:R-HSA-556833	REAC:R-HSA-8957322
REAC:R-HSA-556833	REAC:R-HSA-1655829
REAC:R-HSA-556833	REAC:R-HSA-193807
REAC:R-HSA-556833	REAC:R-HSA-159418
REAC:R-HSA-556833	REAC:R-HSA-193368
REAC:R-HSA-556833	REAC:R-HSA-1483255
REAC:R-HSA-556833	REAC:R-HSA-1483257
REAC:R-HSA-195721	REAC:R-HSA-195721
REAC:R-HSA-195721	REAC:R-HSA-201681
REAC:R-HSA-195721	REAC:R-HSA-201722
REAC:R-HSA-195721	REAC:R-HSA-3769402
REAC:R-HSA-195721	REAC:R-HSA-4641262
REAC:R-HSA-195721	REAC:R-HSA-195253
REAC:R-HSA-2151201	REAC:R-HSA-2151201
REAC:R-HSA-8949613	REAC:R-HSA-8949613
REAC:R-HSA-1852241	REAC:R-HSA-1852241
REAC:R-HSA-1852241	REAC:R-HSA-1592230
REAC:R-HSA-5576886	REAC:R-HSA-5576886
REAC:R-HSA-9717189	REAC:R-HSA-9717189
REAC:R-HSA-5576891	REAC:R-HSA-5576891
REAC:R-HSA-9634600	REAC:R-HSA-9634600
REAC:R-HSA-450604	REAC:R-HSA-450604
REAC:R-HSA-211976	REAC:R-HSA-211976
REAC:R-HSA-2028269	REAC:R-HSA-2028269