node1	node2	provenance
TLN1	ITGB3	ppi
TLN1	VCAM1	ppi
TLN1	FN1	ppi
TLN1	ERBB2	ppi
TLN1	EGFR	ppi
LYN	CBL	ppi
LYN	PTK2	ppi
LYN	EGFR	ppi
LYN	ADAM15	ppi
LYN	ITGB3	ppi
LYN	ITGB1	ppi
LYN	AR	ppi
LYN	MET	ppi
LYN	ADAM12	ppi
LYN	ADAM19	ppi
LYN	PIK3R1	ppi
MSH6	HUS1	ppi
MSH6	RAD1	ppi
MSH6	PCNA	ppi
MSH6	XRCC6	ppi
MSH6	MSH2	ppi
MSH6	BRCA1	ppi
MSH6	RAD9A	ppi
MRE11	XRCC6	ppi
MRE11	NBN	ppi
MRE11	LIG1	ppi
MRE11	RPA1	ppi
MRE11	CDK2	ppi
TOP3A	RMI1	ppi
TOP3A	BLM	ppi
PDGFRB	PTPN11	ppi
PDGFRB	PDGFRA	ppi
PDGFRB	PLCG1	ppi
PDGFRB	PIK3R1	ppi
PDGFRB	PDGFB	ppi
PDGFRB	VEGFA	ppi
PDGFRB	CRKL	ppi
PDGFRB	ERBB2	ppi
AR	SRC	ppi
AR	KAT5	ppi
AR	BRCA1	ppi
AR	RAD9A	ppi
AR	TP53	ppi
AR	PLCG1	ppi
AR	SHC1	ppi
AR	VAV1	ppi
AR	LCK	ppi
AR	CRK	ppi
AR	PIK3R1	ppi
AR	PTPN11	ppi
AR	GRB2	ppi
RAD51	WRN	ppi
RAD51	BRCA2	ppi
RAD51	RAD52	ppi
RAD51	RPA1	ppi
RAD51	RAD51AP1	ppi
RAD51	XRCC3	ppi
RAD51	BLM	ppi
RAD51	BRCA1	ppi
RAD51	RPA2	ppi
RAD51	RPA3	ppi
RAD51	BARD1	ppi
RAD51	XRCC2	ppi
RAD51	NBN	ppi
AKT1	PLXNA1	ppi
AKT1	EGFR	ppi
AKT1	SRC	ppi
AKT1	CDH1	ppi
AKT1	MSH2	ppi
AKT1	PMS2	ppi
AKT1	FYN	ppi
AKT1	PIK3R1	ppi
AKT1	PDGFRA	ppi
AKT1	ERBB2	ppi
AKT1	TP53	ppi
MADCAM1	ITGA4	ppi
RMI1	RMI2	ppi
ITGA2B	ITGB3	ppi
WRN	TP53	ppi
WRN	PCNA	ppi
WRN	FEN1	ppi
WRN	RAD52	ppi
WRN	BLM	ppi
WRN	RPA1	ppi
WRN	POLB	ppi
COL4A5	GPX8	ppi
POLE	POLE2	ppi
RAD9A	HUS1	ppi
RAD9A	MSH2	ppi
RAD9A	MSH3	ppi
RAD9A	RAD1	ppi
RAD9A	RPA1	ppi
SH3GL2	ADAM15	ppi
SH3GL2	SH3KBP1	ppi
SH3GL2	EGFR	ppi
SH3GL2	EMD	ppi
SH3GL2	PAXIP1	ppi
SH3GL2	LCP2	ppi
SH3GL2	ADAM19	ppi
TP53BP1	TP53	ppi
TP53BP1	LIG4	ppi
POLA1	PARP1	ppi
BANF1	EMD	ppi
XRCC2	RAD51D	ppi
ITGAV	ITGB3	ppi
ITGAV	PTK2	ppi
ITGAV	FN1	ppi
ITGAV	ITGB6	ppi
ITGAV	TGFB3	ppi
NRP2	VEGFA	ppi
NRP2	NRP1	ppi
NRP2	L1CAM	ppi
NRP2	PLXNA1	ppi
NRP2	PLXNB1	ppi
RAD51D	BLM	ppi
RAD51D	RAD51C	ppi
USP12	WDR20	ppi
USP12	WDR48	ppi
RAD51B	RAD51C	ppi
EGFR	PDGFRA	ppi
EGFR	PLCG1	ppi
EGFR	PRKDC	ppi
EGFR	CRK	ppi
EGFR	GRB2	ppi
EGFR	ERBB2	ppi
EGFR	LCP2	ppi
EGFR	ERCC1	ppi
EGFR	SHC1	ppi
EGFR	CBL	ppi
EGFR	PTK2	ppi
EGFR	RAPGEF1	ppi
EGFR	PTPN11	ppi
EGFR	FN1	ppi
EGFR	CDH1	ppi
EGFR	PIK3R1	ppi
EGFR	CRKL	ppi
EGFR	SRC	ppi
EGFR	VAV1	ppi
EGFR	ITGB1	ppi
ADAM15	SRC	ppi
ADAM15	SH3PXD2A	ppi
ADAM15	GRB2	ppi
ADAM15	LCK	ppi
ADAM15	ITGB3	ppi
ADAM15	ITGA5	ppi
ADAM15	PIK3R1	ppi
BRCA2	PALB2	ppi
BRCA2	BRCA1	ppi
BRCA2	FANCD2	ppi
BRCA2	FYN	ppi
BRCA2	GRB2	ppi
BRCA2	TP53	ppi
BRCA2	FANCI	ppi
COL10A1	P4HB	ppi
BCAR1	FYN	ppi
BCAR1	SRC	ppi
BCAR1	CRKL	ppi
BCAR1	RAPGEF1	ppi
MCM4	MCM7	ppi
MCM4	VCAM1	ppi
MCM4	MCM6	ppi
MCM4	MCM2	ppi
MCM4	RPA1	ppi
MCM4	RPA2	ppi
MCM4	LIG4	ppi
ATRIP	BRCA1	ppi
ATRIP	RPA1	ppi
CBL	PIK3R1	ppi
CBL	CRKL	ppi
CBL	GRB2	ppi
CBL	SH3KBP1	ppi
CBL	FLT1	ppi
CBL	PLCG1	ppi
CBL	SRC	ppi
CBL	VAV1	ppi
CBL	FYN	ppi
CBL	MET	ppi
CBL	CRK	ppi
CBL	VCAM1	ppi
CBL	LMNA	ppi
SPATA48	ZMPSTE24	ppi
ITGA2	ITGB1	ppi
ZMPSTE24	LMNA	ppi
ZMPSTE24	CDX1	ppi
POLD1	PCNA	ppi
POLD1	POLD2	ppi
POLD1	POLD4	ppi
POLD1	SRC	ppi
POLD1	FYN	ppi
POLD1	GRB2	ppi
POLD2	PCNA	ppi
POLD2	POLD3	ppi
POLD2	POLD4	ppi
POLD2	ERBB2	ppi
RCN1	COL1A1	ppi
POLA2	PARP1	ppi
CDK2	TP53	ppi
CDK2	MCM3	ppi
RAD50	BRCA1	ppi
XRCC5	XRCC6	ppi
XRCC5	PRKDC	ppi
XRCC5	CDH1	ppi
XRCC5	APLF	ppi
XRCC5	FN1	ppi
XRCC5	VCAM1	ppi
ERCC4	SLX4	ppi
ERCC4	ERCC1	ppi
ERCC4	RPA1	ppi
ERCC4	RPA2	ppi
POLE3	CHRAC1	ppi
POLE3	POLE4	ppi
PHLPP1	ITGB1	ppi
SLX4	MUS81	ppi
SLX4	MSH2	ppi
SLX4	ERCC1	ppi
NBN	MDC1	ppi
NBN	ATR	ppi
NBN	XRCC4	ppi
ITGB6	TGFB3	ppi
XRCC1	PNKP	ppi
XRCC1	OGG1	ppi
XRCC1	POLB	ppi
XRCC1	PARP1	ppi
XRCC1	PCNA	ppi
XRCC1	APLF	ppi
XRCC1	APEX1	ppi
XRCC1	APTX	ppi
XRCC1	LIG3	ppi
XRCC1	FYN	ppi
EMD	LMNA	ppi
EMD	VCAM1	ppi
EMD	VAV1	ppi
VAV1	PLCG1	ppi
VAV1	GRB2	ppi
VAV1	XRCC6	ppi
VAV1	FYN	ppi
VAV1	MET	ppi
COL4A2	COL4A1	ppi
APEX1	POLB	ppi
PLCG1	FLT1	ppi
PLCG1	LCP2	ppi
PLCG1	PTK2	ppi
PLCG1	SOS1	ppi
PLCG1	PDGFRA	ppi
PLCG1	ERBB2	ppi
PLCG1	LIG3	ppi
PLCG1	MET	ppi
PRIM2	PRIM1	ppi
PRIM2	RPA2	ppi
PRIM2	KDM1A	ppi
NUTF2	PCNA	ppi
ERCC1	XPA	ppi
ERCC1	RPA1	ppi
ERCC1	RPA2	ppi
ERCC1	RPA3	ppi
PLXNA1	NRP1	ppi
PLXNA1	PLXNB1	ppi
PLXNA1	L1CAM	ppi
RPA1	RPA2	ppi
RPA1	BLM	ppi
RPA1	XPA	ppi
RPA1	TP53	ppi
RPA1	RPA4	ppi
RPA1	BRIP1	ppi
RPA1	RPA3	ppi
RPA1	MCM2	ppi
RPA1	FN1	ppi
RPA1	VCAM1	ppi
RPA1	RAD52	ppi
RPA1	MCM7	ppi
RPA1	MCM6	ppi
RPA1	PAXIP1	ppi
SH3KBP1	PIK3R1	ppi
SH3KBP1	P4HB	ppi
NHEJ1	XRCC4	ppi
MCM10	MCM6	ppi
MCM10	MCM3	ppi
MCM10	MCM7	ppi
MCM10	MCM2	ppi
FANCI	FANCD2	ppi
KAT5	FANCD2	ppi
KAT5	BARD1	ppi
KAT5	LMNA	ppi
KAT5	POLE2	ppi
KAT5	BRCA1	ppi
MCM3	MCM2	ppi
MCM3	MCM5	ppi
MCM3	MCM6	ppi
MCM3	FN1	ppi
MCM3	VCAM1	ppi
MCM3	MCM7	ppi
MCM3	RPA2	ppi
APLF	XRCC4	ppi
APLF	XRCC6	ppi
PLXNB1	SEMA4D	ppi
PLXNB1	NRP1	ppi
PLXNB1	L1CAM	ppi
LCK	PTK2	ppi
LCK	LCP2	ppi
LCK	MET	ppi
LCK	BRCA1	ppi
PNKP	XRCC4	ppi
PNKP	LIG3	ppi
PNKP	POLB	ppi
PNKP	KDM1A	ppi
PNKP	LMNA	ppi
TDP1	LIG3	ppi
TDP1	FEN1	ppi
WDR20	USP46	ppi
WDR20	LIG4	ppi
RAD51C	XRCC3	ppi
SRC	PTK2	ppi
SRC	CRK	ppi
SRC	PIK3R1	ppi
SRC	MET	ppi
SRC	RAPGEF1	ppi
SRC	LIG3	ppi
SRC	SOS1	ppi
SRC	XPA	ppi
SRC	ADAM12	ppi
SRC	ADAM19	ppi
MLH1	MSH3	ppi
MLH1	BLM	ppi
MLH1	PMS2	ppi
MLH1	EXO1	ppi
MLH1	BRIP1	ppi
MLH1	MSH2	ppi
MLH1	XPA	ppi
MLH1	PCNA	ppi
FN1	THBS1	ppi
FN1	FYN	ppi
FN1	TNC	ppi
FN1	HGF	ppi
FN1	ITGA5	ppi
FN1	PCNA	ppi
FN1	XRCC6	ppi
FN1	GRB2	ppi
FN1	ITGB1	ppi
FN1	RPA2	ppi
FN1	ITGA4	ppi
FN1	MCM2	ppi
FN1	MCM6	ppi
FN1	FEN1	ppi
FN1	ITGB3	ppi
FN1	COL1A1	ppi
JAM2	JAM3	ppi
RAPGEF1	GRB2	ppi
RAPGEF1	CRK	ppi
RAPGEF1	FYN	ppi
RAPGEF1	PIK3R1	ppi
VEGFA	FLT1	ppi
VEGFA	NRP1	ppi
VEGFA	PGF	ppi
VEGFA	VEGFB	ppi
VEGFA	PDGFB	ppi
VEGFA	PDGFRA	ppi
ITGA3	ITGB1	ppi
SPP1	PIK3R1	ppi
SPP1	ERBB2	ppi
TP53	BLM	ppi
TP53	PARP1	ppi
TP53	PTK2	ppi
TP53	CRK	ppi
TP53	ERBB2	ppi
TP53	MET	ppi
TP53	PDGFRA	ppi
PDGFB	COL2A1	ppi
PDGFB	COL1A1	ppi
PDGFB	COL4A1	ppi
PDGFB	PDGFRA	ppi
PDGFB	COL3A1	ppi
PDGFB	COL1A2	ppi
PDGFB	COL5A1	ppi
RAD1	HUS1B	ppi
RAD1	MSH3	ppi
RAD1	HUS1	ppi
RAD1	MSH2	ppi
MDC1	RNF8	ppi
MDC1	H2AX	ppi
MDC1	PRIM1	ppi
BRIP1	BRCA1	ppi
BRIP1	BLM	ppi
ERBB2	FYN	ppi
ERBB2	PTK2	ppi
ERBB2	GRB2	ppi
ERBB2	PTPN11	ppi
ERBB2	PIK3R1	ppi
ERBB2	SHC1	ppi
ERBB2	CRKL	ppi
ERBB2	CRK	ppi
ERBB2	MET	ppi
ERBB2	PDGFRA	ppi
ERBB2	HGF	ppi
MCM6	MCM2	ppi
MCM6	VCAM1	ppi
MCM6	MCM7	ppi
PARP1	APTX	ppi
PARP1	LIG3	ppi
PARP1	VCAM1	ppi
LIG3	NEIL1	ppi
LIG3	CRK	ppi
LIG3	PIK3R1	ppi
FEN1	BLM	ppi
FEN1	PCNA	ppi
P4HA2	COL1A1	ppi
P4HA2	P4HB	ppi
P4HA2	P4HA1	ppi
FYN	PTK2	ppi
FYN	SOS1	ppi
FYN	KDM1A	ppi
FYN	PIK3R1	ppi
FYN	ADAM12	ppi
FYN	GRB2	ppi
ITGA5	ITGB1	ppi
ITGA5	VCAM1	ppi
COL1A2	COL1A1	ppi
COL1A2	LIG4	ppi
GRB2	LCP2	ppi
GRB2	PTPN11	ppi
GRB2	CRK	ppi
GRB2	PIK3R1	ppi
GRB2	SHC1	ppi
GRB2	SOS1	ppi
GRB2	PTK2	ppi
GRB2	VCAM1	ppi
GRB2	MET	ppi
GRB2	ADAM12	ppi
LCP2	PIK3R1	ppi
LCP2	LMNA	ppi
COL2A1	COCH	ppi
COL2A1	COL1A1	ppi
PAXIP1	H2AX	ppi
PAXIP1	WDR48	ppi
ITGA1	PTP4A3	ppi
LMNA	CDH1	ppi
LMNA	H2AX	ppi
LMNA	VCAM1	ppi
LMNA	H3C15	ppi
LMNA	MCM5	ppi
LMNA	COL8A2	ppi
LMNA	PCNA	ppi
RPA3	RPA4	ppi
RPA3	RPA2	ppi
RPA3	MCM2	ppi
SEMA4D	CRK	ppi
PIK3R1	PTK2	ppi
PIK3R1	BRCA1	ppi
PIK3R1	SOS1	ppi
PIK3R1	CRK	ppi
PIK3R1	FLT1	ppi
PIK3R1	PDGFRA	ppi
PIK3R1	CRKL	ppi
PIK3R1	SHC1	ppi
PIK3R1	MET	ppi
PIK3R1	ADAM19	ppi
PIK3R1	ADAM12	ppi
PIK3R1	ITGB1	ppi
PIK3R1	PTPN11	ppi
XRCC6	PCNA	ppi
XRCC6	VCAM1	ppi
XRCC6	PRKDC	ppi
XRCC6	XRCC4	ppi
PDGFRA	CRK	ppi
PDGFRA	CRKL	ppi
PDGFRA	HGF	ppi
COL8A2	GPX8	ppi
P4HB	COL1A1	ppi
HGF	MET	ppi
HGF	BRCA1	ppi
MCM2	MCM5	ppi
MCM2	MCM7	ppi
MCM2	VCAM1	ppi
MCM2	RPA2	ppi
VCAM1	MCM5	ppi
VCAM1	PTPN11	ppi
VCAM1	ITGA4	ppi
VCAM1	ITGB1	ppi
VCAM1	MCM7	ppi
VCAM1	PRKDC	ppi
VCAM1	CRKL	ppi
CALU	PCNA	ppi
CALU	COL1A1	ppi
COL4A1	COCH	ppi
ADAM19	SH3PXD2A	ppi
COCH	COL1A1	ppi
SOS1	SH3PXD2A	ppi
SOS1	CRK	ppi
SOS1	CRKL	ppi
NEIL1	H3C15	ppi
NEIL1	POLB	ppi
NEIL1	HUS1	ppi
PTK2	CRK	ppi
PTK2	CRKL	ppi
PTK2	FLT1	ppi
MSH2	EXO1	ppi
MSH2	HUS1	ppi
MSH2	PCNA	ppi
MSH2	BRCA1	ppi
MSH2	MSH3	ppi
RPA2	XPA	ppi
RPA2	RPA4	ppi
RPA2	RAD52	ppi
RPA2	MCM5	ppi
FLT1	PGF	ppi
FLT1	CRKL	ppi
FLT1	PTPN11	ppi
FLT1	CRK	ppi
FLT1	SHC1	ppi
BARD1	BRCA1	ppi
BARD1	COL1A1	ppi
H3C15	KDM1A	ppi
BRCA1	RBBP8	ppi
BRCA1	KDM1A	ppi
BRCA1	FANCD2	ppi
BRCA1	COL1A1	ppi
BRCA1	ERO1B	ppi
GPX8	ERO1A	ppi
RPA4	XPA	ppi
P4HA1	COL1A1	ppi
MCM5	MCM7	ppi
ITGB1	ITGA4	ppi
ITGB1	MET	ppi
PCNA	MSH3	ppi
PCNA	POLD4	ppi
PCNA	RBBP8	ppi
PCNA	PMS2	ppi
PCNA	POLD3	ppi
PCNA	HUS1	ppi
PCNA	EXO1	ppi
PCNA	XPA	ppi
PMS2	XPA	ppi
SHC1	CRK	ppi
SHC1	MET	ppi
APTX	XRCC4	ppi
COL1A1	ERO1A	ppi
MET	PTPN11	ppi
MET	CRK	ppi
ERO1A	GPX7	ppi
RBBP8	FANCD2	ppi
SH3PXD2A	ADAM12	ppi
MSH3	HUS1	ppi
LIG4	XRCC4	ppi
LIG4	DCLRE1C	ppi
COL5A2	NES	ppi
ATM	FANCD2	ppi
PRKDC	RNF8	ppi
PTPN11	CRKL	ppi
NRP1	L1CAM	ppi
ITGB7	ITGA4	ppi
USP46	WDR48	ppi
TLN1	BCAR1	pathways
TLN1	CRK	pathways
TLN1	FN1	pathways
TLN1	GRB2	pathways
TLN1	SOS1	pathways
TLN1	SHC1	pathways
TLN1	ITGA2B	pathways
TLN1	ITGB3	pathways
TLN1	SRC	pathways
TLN1	PTK2	pathways
LYN	CRKL	pathways
LYN	RAPGEF1	pathways
LYN	PIK3R1	pathways
LYN	PLCG1	pathways
LYN	SHC1	pathways
LYN	SOS1	pathways
LYN	GRB2	pathways
LYN	VAV1	pathways
LYN	FYN	pathways
MSH6	PCNA	pathways
MSH6	MLH1	pathways
MSH6	PMS2	pathways
MSH6	MSH2	pathways
MSH6	EXO1	pathways
MRE11	ATM	pathways
MRE11	KAT5	pathways
MRE11	BRIP1	pathways
MRE11	BRCA1	pathways
MRE11	BARD1	pathways
MRE11	WRN	pathways
MRE11	RMI1	pathways
MRE11	EXO1	pathways
MRE11	BLM	pathways
MRE11	RMI2	pathways
MRE11	RBBP8	pathways
MRE11	TOP3A	pathways
MRE11	ATRIP	pathways
MRE11	ATR	pathways
MRE11	FEN1	pathways
MRE11	PARP1	pathways
MRE11	TP53BP1	pathways
MRE11	DCLRE1C	pathways
MRE11	PAXIP1	pathways
MRE11	H2AX	pathways
MRE11	CDK2	pathways
MRE11	MDC1	pathways
MRE11	RNF8	pathways
MRE11	LIG3	pathways
MRE11	XRCC1	pathways
MRE11	RAD50	pathways
MRE11	NBN	pathways
MRE11	RPA3	pathways
MRE11	RPA2	pathways
MRE11	RPA1	pathways
MRE11	XRCC5	pathways
MRE11	XRCC6	pathways
TOP3A	BARD1	pathways
TOP3A	BRCA1	pathways
TOP3A	RBBP8	pathways
TOP3A	KAT5	pathways
TOP3A	RAD50	pathways
TOP3A	NBN	pathways
TOP3A	BRIP1	pathways
TOP3A	ATM	pathways
TOP3A	ATR	pathways
TOP3A	ATRIP	pathways
TOP3A	RMI2	pathways
TOP3A	BLM	pathways
TOP3A	RMI1	pathways
TOP3A	RPA3	pathways
TOP3A	RPA2	pathways
TOP3A	RPA1	pathways
TOP3A	XRCC3	pathways
TOP3A	RAD51C	pathways
P4HA3	P4HB	pathways
P4HA3	P4HA1	pathways
P4HA3	P4HA2	pathways
P4HA3	COL1A1	pathways
P4HA3	COL1A2	pathways
P4HA3	COL10A1	pathways
P4HA3	COL3A1	pathways
PTPN2	MET	pathways
PTPN2	HGF	pathways
PDGFRB	PDGFRA	pathways
PDGFRB	PDGFB	pathways
PDGFRB	CRK	pathways
PDGFRB	CRKL	pathways
PDGFRB	BCAR1	pathways
PDGFRB	RAPGEF1	pathways
PDGFRB	SOS1	pathways
PDGFRB	GRB2	pathways
PDGFRB	SRC	pathways
PDGFRB	PIK3R1	pathways
PDGFRB	PLCG1	pathways
PDGFRB	PTPN11	pathways
AR	USP12	pathways
AR	WDR20	pathways
AR	WDR48	pathways
AR	H3C15	pathways
AR	KDM1A	pathways
RAD51	BRCA1	pathways
RAD51	RAD51AP1	pathways
RAD51	PALB2	pathways
RAD51	BARD1	pathways
RAD51	RBBP8	pathways
RAD51	RAD52	pathways
RAD51	BRCA2	pathways
RAD51	ERCC1	pathways
RAD51	ERCC4	pathways
AKT1	ITGB3	pathways
AKT1	ITGA2B	pathways
AKT1	PHLPP2	pathways
AKT1	PHLPP1	pathways
MADCAM1	ITGB7	pathways
MADCAM1	ITGA4	pathways
RMI1	ATM	pathways
RMI1	RAD50	pathways
RMI1	BRCA1	pathways
RMI1	NBN	pathways
RMI1	BARD1	pathways
RMI1	BRIP1	pathways
RMI1	RBBP8	pathways
RMI1	KAT5	pathways
RMI1	ATRIP	pathways
RMI1	ATR	pathways
RMI1	BLM	pathways
RMI1	RMI2	pathways
RMI1	RPA1	pathways
RMI1	RPA2	pathways
RMI1	RPA3	pathways
RMI1	XRCC3	pathways
RMI1	RAD51C	pathways
ITGA2B	ITGB3	pathways
ITGA2B	BCAR1	pathways
ITGA2B	CRK	pathways
ITGA2B	FN1	pathways
ITGA2B	GRB2	pathways
ITGA2B	SOS1	pathways
ITGA2B	SHC1	pathways
ITGA2B	SRC	pathways
ITGA2B	THBS1	pathways
ITGA2B	PTK2	pathways
ITGA2B	VTN	pathways
WRN	BRIP1	pathways
WRN	ATM	pathways
WRN	KAT5	pathways
WRN	BRCA1	pathways
WRN	RAD50	pathways
WRN	RBBP8	pathways
WRN	NBN	pathways
WRN	BARD1	pathways
WRN	ATR	pathways
WRN	ATRIP	pathways
WRN	RPA1	pathways
WRN	RPA2	pathways
WRN	RPA3	pathways
COL4A5	COL4A2	pathways
COL4A5	COL4A1	pathways
COL4A5	COL4A6	pathways
COL4A5	COL4A4	pathways
COL4A5	COL4A3	pathways
POLE	PRIM2	pathways
POLE	PRIM1	pathways
POLE	POLA2	pathways
POLE	POLA1	pathways
POLE	POLE4	pathways
POLE	POLE2	pathways
POLE	POLE3	pathways
RAD9A	RAD1	pathways
RAD9A	HUS1	pathways
RAD9A	RPA1	pathways
RAD9A	RPA3	pathways
RAD9A	RPA2	pathways
SH3GL2	SH3KBP1	pathways
SH3GL2	HGF	pathways
SH3GL2	MET	pathways
SH3GL2	CBL	pathways
SH3GL2	GRB2	pathways
SH3GL2	L1CAM	pathways
SH3GL2	EGFR	pathways
TP53BP1	RAD50	pathways
TP53BP1	H2AX	pathways
TP53BP1	RNF8	pathways
TP53BP1	MDC1	pathways
TP53BP1	KAT5	pathways
TP53BP1	ATM	pathways
TP53BP1	NBN	pathways
TP53BP1	DCLRE1C	pathways
TP53BP1	PAXIP1	pathways
TP53BP1	XRCC5	pathways
TP53BP1	XRCC6	pathways
POLA1	PRIM2	pathways
POLA1	POLA2	pathways
POLA1	PRIM1	pathways
POLA1	POLE4	pathways
POLA1	POLE2	pathways
POLA1	POLE3	pathways
POLA1	POLD2	pathways
POLA1	POLD3	pathways
POLA1	POLD1	pathways
POLA1	POLD4	pathways
POLA1	RPA1	pathways
POLA1	RPA3	pathways
POLA1	RPA2	pathways
POLA1	PCNA	pathways
POLA1	FEN1	pathways
BANF1	LMNA	pathways
BANF1	EMD	pathways
BANF1	VRK1	pathways
XRCC2	RAD51B	pathways
XRCC2	RAD51C	pathways
XRCC2	RAD51D	pathways
XRCC2	PALB2	pathways
XRCC2	RAD51AP1	pathways
RAD51AP1	BARD1	pathways
RAD51AP1	BRCA2	pathways
RAD51AP1	PALB2	pathways
RAD51AP1	BRCA1	pathways
RAD51AP1	RBBP8	pathways
RAD51AP1	RAD51B	pathways
RAD51AP1	RAD51D	pathways
RAD51AP1	RAD51C	pathways
MSR1	COL4A1	pathways
MSR1	COL4A2	pathways
ITGAV	ITGB1	pathways
ITGAV	ITGB3	pathways
ITGAV	TNC	pathways
ITGAV	ITGB5	pathways
ITGAV	ITGB6	pathways
ITGAV	SPP1	pathways
ITGAV	VEGFA	pathways
ITGAV	VTN	pathways
ITGAV	SRC	pathways
ITGAV	PTK2	pathways
NRP2	FLT1	pathways
RAD51D	RAD51B	pathways
RAD51D	RAD51C	pathways
RAD51D	PALB2	pathways
USP12	WDR48	pathways
USP12	WDR20	pathways
RAD51B	RAD51C	pathways
RAD51B	PALB2	pathways
EGFR	PLCG1	pathways
EGFR	CBL	pathways
EGFR	GRB2	pathways
EGFR	PTPN11	pathways
EGFR	PTK2	pathways
EGFR	SHC1	pathways
EGFR	SOS1	pathways
EGFR	PIK3R1	pathways
EGFR	ERBB2	pathways
EGFR	L1CAM	pathways
EGFR	SH3KBP1	pathways
EGFR	SRC	pathways
ADAM15	SH3PXD2A	pathways
ADAM15	CDH1	pathways
BRCA2	BARD1	pathways
BRCA2	RBBP8	pathways
BRCA2	BRCA1	pathways
BRCA2	PALB2	pathways
COL10A1	P4HB	pathways
COL10A1	P4HA1	pathways
COL10A1	P4HA2	pathways
BCAR1	ITGB3	pathways
BCAR1	SRC	pathways
BCAR1	PTK2	pathways
BCAR1	FN1	pathways
BCAR1	CRK	pathways
BCAR1	PDGFB	pathways
BCAR1	RAPGEF1	pathways
BCAR1	PDGFRA	pathways
BCAR1	CRKL	pathways
BCAR1	VEGFA	pathways
MCM4	CDK2	pathways
MCM4	RPA1	pathways
MCM4	RPA3	pathways
MCM4	RPA2	pathways
MCM4	RPA4	pathways
MCM4	MCM10	pathways
MCM4	MCM3	pathways
MCM4	MCM5	pathways
MCM4	MCM6	pathways
MCM4	MCM7	pathways
MCM4	MCM2	pathways
MCM4	ATR	pathways
ATRIP	ATR	pathways
ATRIP	RAD50	pathways
ATRIP	NBN	pathways
ATRIP	ATM	pathways
ATRIP	BARD1	pathways
ATRIP	RBBP8	pathways
ATRIP	RPA1	pathways
ATRIP	BLM	pathways
ATRIP	KAT5	pathways
ATRIP	RMI2	pathways
ATRIP	BRIP1	pathways
ATRIP	RPA3	pathways
ATRIP	BRCA1	pathways
ATRIP	RPA2	pathways
ATRIP	EXO1	pathways
ATRIP	FANCD2	pathways
ATRIP	FANCI	pathways
ATRIP	TP53	pathways
CBL	PTPN11	pathways
CBL	GRB2	pathways
CBL	SOS1	pathways
CBL	FYN	pathways
CBL	SRC	pathways
CBL	PIK3R1	pathways
CBL	HGF	pathways
CBL	MET	pathways
CBL	SH3KBP1	pathways
CBL	CRK	pathways
CBL	CRKL	pathways
CBL	RAPGEF1	pathways
CBL	VAV1	pathways
ITGA2	ITGB1	pathways
POLD1	RPA3	pathways
POLD1	RPA1	pathways
POLD1	RPA2	pathways
POLD1	FEN1	pathways
POLD1	APEX1	pathways
POLD1	POLD4	pathways
POLD1	POLD2	pathways
POLD1	POLD3	pathways
POLD1	LIG1	pathways
POLD1	PCNA	pathways
POLD1	POLA2	pathways
POLD1	PRIM1	pathways
POLD1	PRIM2	pathways
POLD1	LIG3	pathways
POLD1	XRCC1	pathways
POLD1	POLB	pathways
POLD2	RPA3	pathways
POLD2	RPA1	pathways
POLD2	RPA2	pathways
POLD2	FEN1	pathways
POLD2	APEX1	pathways
POLD2	POLD3	pathways
POLD2	POLD4	pathways
POLD2	LIG1	pathways
POLD2	PCNA	pathways
POLD2	PRIM1	pathways
POLD2	POLA2	pathways
POLD2	PRIM2	pathways
POLD2	LIG3	pathways
POLD2	XRCC1	pathways
POLD2	POLB	pathways
POLA2	PRIM2	pathways
POLA2	PRIM1	pathways
POLA2	POLE3	pathways
POLA2	POLE4	pathways
POLA2	POLE2	pathways
POLA2	POLD3	pathways
POLA2	POLD4	pathways
POLA2	RPA1	pathways
POLA2	RPA2	pathways
POLA2	RPA3	pathways
POLA2	PCNA	pathways
POLA2	FEN1	pathways
CDK2	MCM5	pathways
CDK2	MCM3	pathways
CDK2	MCM7	pathways
CDK2	MCM6	pathways
CDK2	MCM2	pathways
CDK2	MCM10	pathways
CDK2	RPA2	pathways
CDK2	RPA3	pathways
CDK2	RPA1	pathways
CDK2	RPA4	pathways
CDK2	MLH1	pathways
CDK2	ATM	pathways
CDK2	KAT5	pathways
CDK2	RBBP8	pathways
CDK2	RAD50	pathways
CDK2	NBN	pathways
CDK2	ATR	pathways
CDK2	TP53	pathways
RAD50	KAT5	pathways
RAD50	ATM	pathways
RAD50	RBBP8	pathways
RAD50	EXO1	pathways
RAD50	BLM	pathways
RAD50	BRIP1	pathways
RAD50	BRCA1	pathways
RAD50	BARD1	pathways
RAD50	RMI2	pathways
RAD50	ATR	pathways
RAD50	FEN1	pathways
RAD50	PARP1	pathways
RAD50	DCLRE1C	pathways
RAD50	PAXIP1	pathways
RAD50	H2AX	pathways
RAD50	MDC1	pathways
RAD50	RNF8	pathways
RAD50	LIG3	pathways
RAD50	XRCC1	pathways
RAD50	NBN	pathways
RAD50	RPA2	pathways
RAD50	RPA1	pathways
RAD50	RPA3	pathways
RAD50	XRCC5	pathways
RAD50	XRCC6	pathways
XRCC5	PRKDC	pathways
XRCC5	XRCC6	pathways
XRCC5	DCLRE1C	pathways
XRCC5	LIG4	pathways
XRCC5	XRCC4	pathways
XRCC5	ATM	pathways
XRCC5	H2AX	pathways
XRCC5	KAT5	pathways
XRCC5	MDC1	pathways
XRCC5	RNF8	pathways
XRCC5	NBN	pathways
XRCC5	PAXIP1	pathways
XRCC5	NHEJ1	pathways
ERCC4	ERCC1	pathways
ERCC4	RPA2	pathways
ERCC4	RPA1	pathways
ERCC4	RPA3	pathways
ERCC4	RAD52	pathways
POLE3	PRIM2	pathways
POLE3	PRIM1	pathways
POLE3	POLE2	pathways
POLE3	POLE4	pathways
SLX4	MUS81	pathways
SLX4	XRCC3	pathways
SLX4	RAD51C	pathways
COL4A3	COL4A4	pathways
NBN	KAT5	pathways
NBN	ATM	pathways
NBN	BRCA1	pathways
NBN	BLM	pathways
NBN	RMI2	pathways
NBN	BARD1	pathways
NBN	RBBP8	pathways
NBN	EXO1	pathways
NBN	BRIP1	pathways
NBN	ATR	pathways
NBN	PARP1	pathways
NBN	FEN1	pathways
NBN	DCLRE1C	pathways
NBN	PAXIP1	pathways
NBN	H2AX	pathways
NBN	MDC1	pathways
NBN	RNF8	pathways
NBN	LIG3	pathways
NBN	XRCC1	pathways
NBN	RPA1	pathways
NBN	RPA3	pathways
NBN	RPA2	pathways
NBN	XRCC6	pathways
ATR	BARD1	pathways
ATR	BRCA1	pathways
ATR	BRIP1	pathways
ATR	RPA2	pathways
ATR	RPA1	pathways
ATR	BLM	pathways
ATR	ATM	pathways
ATR	EXO1	pathways
ATR	RMI2	pathways
ATR	KAT5	pathways
ATR	RBBP8	pathways
ATR	RPA3	pathways
ATR	FANCD2	pathways
ATR	FANCI	pathways
ATR	H2AX	pathways
ATR	TP53	pathways
ATR	MCM3	pathways
ATR	MCM5	pathways
ATR	MCM2	pathways
ATR	MCM6	pathways
ATR	MCM10	pathways
ATR	MCM7	pathways
XRCC1	RBBP8	pathways
XRCC1	LIG3	pathways
XRCC1	POLB	pathways
XRCC1	NEIL1	pathways
XRCC1	PNKP	pathways
XRCC1	PCNA	pathways
XRCC1	RPA1	pathways
XRCC1	POLD3	pathways
XRCC1	POLD4	pathways
XRCC1	RPA3	pathways
XRCC1	RPA2	pathways
EMD	LMNA	pathways
EMD	VRK1	pathways
VAV1	PIK3R1	pathways
VAV1	GRB2	pathways
VAV1	CRKL	pathways
VAV1	RAPGEF1	pathways
VAV1	SHC1	pathways
VAV1	FYN	pathways
VAV1	LCK	pathways
VAV1	SOS1	pathways
VAV1	LCP2	pathways
VAV1	PLCG1	pathways
VAV1	SRC	pathways
VRK1	LMNA	pathways
COL4A2	COL4A1	pathways
COL4A2	COL4A6	pathways
APEX1	PCNA	pathways
APEX1	POLD3	pathways
APEX1	POLD4	pathways
APEX1	RPA1	pathways
APEX1	FEN1	pathways
APEX1	RPA2	pathways
APEX1	RPA3	pathways
APEX1	LIG1	pathways
APEX1	POLB	pathways
APEX1	OGG1	pathways
APEX1	PARP1	pathways
RAD9B	HUS1	pathways
RAD9B	RAD1	pathways
RAD9B	RPA1	pathways
RAD9B	RPA3	pathways
RAD9B	RPA2	pathways
PLCG1	ERBB2	pathways
PLCG1	PDGFB	pathways
PLCG1	PDGFRA	pathways
PLCG1	LCP2	pathways
PLCG1	VEGFA	pathways
PLCG1	SHC1	pathways
PLCG1	SOS1	pathways
PLCG1	GRB2	pathways
PLCG1	LCK	pathways
PLCG1	SRC	pathways
PRIM2	POLE2	pathways
PRIM2	POLE4	pathways
PRIM2	PRIM1	pathways
PRIM2	POLD4	pathways
PRIM2	POLD3	pathways
PRIM2	RPA1	pathways
PRIM2	RPA3	pathways
PRIM2	RPA2	pathways
PRIM2	PCNA	pathways
PRIM2	FEN1	pathways
ERCC1	RPA3	pathways
ERCC1	RPA1	pathways
ERCC1	RPA2	pathways
ERCC1	RAD52	pathways
PLXNA1	FYN	pathways
PLXNA1	NRP1	pathways
RPA1	POLD3	pathways
RPA1	POLD4	pathways
RPA1	PCNA	pathways
RPA1	FEN1	pathways
RPA1	MCM2	pathways
RPA1	MCM5	pathways
RPA1	MCM7	pathways
RPA1	MCM6	pathways
RPA1	MCM3	pathways
RPA1	MCM10	pathways
RPA1	FANCD2	pathways
RPA1	FANCI	pathways
RPA1	LIG1	pathways
RPA1	WDR48	pathways
RPA1	USP1	pathways
RPA1	PRIM1	pathways
RPA1	RPA2	pathways
RPA1	RPA3	pathways
RPA1	RPA4	pathways
RPA1	RBBP8	pathways
RPA1	BRCA1	pathways
RPA1	ATM	pathways
RPA1	BRIP1	pathways
RPA1	BARD1	pathways
RPA1	KAT5	pathways
RPA1	RMI2	pathways
RPA1	BLM	pathways
RPA1	EXO1	pathways
RPA1	HUS1	pathways
RPA1	RAD1	pathways
RPA1	LIG3	pathways
RPA1	POLB	pathways
SH3KBP1	SOS1	pathways
SH3KBP1	GRB2	pathways
SH3KBP1	MET	pathways
SH3KBP1	HGF	pathways
SH3KBP1	FYN	pathways
NHEJ1	XRCC4	pathways
NHEJ1	DCLRE1C	pathways
NHEJ1	LIG4	pathways
NHEJ1	XRCC6	pathways
NHEJ1	PRKDC	pathways
MCM10	RPA4	pathways
MCM10	RPA3	pathways
MCM10	RPA2	pathways
MCM10	MCM6	pathways
MCM10	MCM7	pathways
MCM10	MCM3	pathways
MCM10	MCM5	pathways
MCM10	MCM2	pathways
FANCI	FANCD2	pathways
FANCI	RPA3	pathways
FANCI	RPA2	pathways
FANCI	WDR48	pathways
FANCI	USP1	pathways
KAT5	ATM	pathways
KAT5	BARD1	pathways
KAT5	RBBP8	pathways
KAT5	EXO1	pathways
KAT5	BLM	pathways
KAT5	RMI2	pathways
KAT5	BRCA1	pathways
KAT5	BRIP1	pathways
KAT5	DCLRE1C	pathways
KAT5	PAXIP1	pathways
KAT5	H2AX	pathways
KAT5	MDC1	pathways
KAT5	RNF8	pathways
KAT5	RPA3	pathways
KAT5	RPA2	pathways
KAT5	XRCC6	pathways
MCM3	RPA3	pathways
MCM3	RPA2	pathways
MCM3	RPA4	pathways
MCM3	MCM7	pathways
MCM3	MCM2	pathways
MCM3	MCM6	pathways
MCM3	MCM5	pathways
RMI2	BRCA1	pathways
RMI2	BRIP1	pathways
RMI2	RBBP8	pathways
RMI2	BARD1	pathways
RMI2	ATM	pathways
RMI2	BLM	pathways
RMI2	RPA3	pathways
RMI2	RPA2	pathways
RMI2	XRCC3	pathways
RMI2	RAD51C	pathways
PLXNB1	ERBB2	pathways
PLXNB1	MET	pathways
PLXNB1	SEMA4D	pathways
LCK	GRB2	pathways
LCK	PIK3R1	pathways
LCK	PTPN11	pathways
LCK	FYN	pathways
LCK	SHC1	pathways
LCK	SOS1	pathways
LCK	LCP2	pathways
PNKP	POLB	pathways
PNKP	NEIL1	pathways
PNKP	LIG3	pathways
HLTF	PCNA	pathways
WDR20	WDR48	pathways
RAD51C	XRCC3	pathways
RAD51C	BLM	pathways
RAD51C	MUS81	pathways
RAD51C	PALB2	pathways
SRC	CRK	pathways
SRC	SOS1	pathways
SRC	GRB2	pathways
SRC	PIK3R1	pathways
SRC	PTK2	pathways
SRC	FN1	pathways
SRC	HGF	pathways
SRC	MET	pathways
SRC	SHC1	pathways
SRC	ITGB3	pathways
SRC	PDGFB	pathways
SRC	PDGFRA	pathways
SRC	VEGFA	pathways
SRC	FYN	pathways
SRC	L1CAM	pathways
SRC	ERBB2	pathways
SRC	PTPN11	pathways
MLH1	ATM	pathways
MLH1	PMS2	pathways
MLH1	MSH3	pathways
MLH1	PCNA	pathways
MLH1	MSH2	pathways
MLH1	EXO1	pathways
LIG1	POLD3	pathways
LIG1	RPA3	pathways
LIG1	PCNA	pathways
LIG1	RPA2	pathways
LIG1	POLD4	pathways
LIG1	POLB	pathways
FN1	CRK	pathways
FN1	ITGB3	pathways
FN1	GRB2	pathways
FN1	SOS1	pathways
FN1	ITGB1	pathways
FN1	ITGA5	pathways
FN1	PTK2	pathways
FN1	TNC	pathways
FN1	SHC1	pathways
JAM2	JAM3	pathways
JAM2	ITGB1	pathways
JAM2	ITGA4	pathways
RAPGEF1	CRKL	pathways
RAPGEF1	SHC1	pathways
RAPGEF1	SOS1	pathways
RAPGEF1	GRB2	pathways
RAPGEF1	HGF	pathways
RAPGEF1	MET	pathways
RAPGEF1	CRK	pathways
RAPGEF1	PDGFB	pathways
RAPGEF1	PDGFRA	pathways
VEGFA	CRK	pathways
VEGFA	FYN	pathways
VEGFA	PIK3R1	pathways
VEGFA	ITGB3	pathways
VEGFA	PTK2	pathways
VEGFA	FLT1	pathways
ITGA3	ITGB1	pathways
ITGA3	THBS1	pathways
SPP1	ITGB1	pathways
SPP1	PDGFB	pathways
SPP1	ITGA4	pathways
SPP1	ITGA5	pathways
SPP1	ITGA9	pathways
SPP1	ITGB5	pathways
SPP1	ITGB3	pathways
COL4A6	COL4A1	pathways
TP53	ATM	pathways
PDGFB	THBS1	pathways
PDGFB	PDGFRA	pathways
PDGFB	CRKL	pathways
PDGFB	CRK	pathways
PDGFB	GRB2	pathways
PDGFB	SOS1	pathways
PDGFB	PIK3R1	pathways
PDGFB	PTPN11	pathways
RAD1	HUS1	pathways
RAD1	RPA3	pathways
RAD1	RPA2	pathways
MDC1	DCLRE1C	pathways
MDC1	PAXIP1	pathways
MDC1	H2AX	pathways
MDC1	ATM	pathways
MDC1	RNF8	pathways
MDC1	XRCC6	pathways
BRIP1	ATM	pathways
BRIP1	BLM	pathways
BRIP1	EXO1	pathways
BRIP1	BARD1	pathways
BRIP1	BRCA1	pathways
BRIP1	RBBP8	pathways
BRIP1	RPA2	pathways
BRIP1	RPA3	pathways
ERBB2	GRB2	pathways
ERBB2	PIK3R1	pathways
ERBB2	SOS1	pathways
ERBB2	SHC1	pathways
ERBB2	SEMA4D	pathways
MCM6	RPA2	pathways
MCM6	RPA4	pathways
MCM6	RPA3	pathways
MCM6	MCM5	pathways
MCM6	MCM2	pathways
MCM6	MCM7	pathways
PARP1	FEN1	pathways
PARP1	RBBP8	pathways
PARP1	POLB	pathways
PARP1	XPA	pathways
LIG3	RBBP8	pathways
LIG3	POLB	pathways
LIG3	NEIL1	pathways
LIG3	POLD3	pathways
LIG3	PCNA	pathways
LIG3	RPA3	pathways
LIG3	RPA2	pathways
LIG3	POLD4	pathways
FEN1	RPA3	pathways
FEN1	PCNA	pathways
FEN1	POLD4	pathways
FEN1	POLD3	pathways
FEN1	RPA2	pathways
FEN1	RBBP8	pathways
FEN1	POLB	pathways
FEN1	PRIM1	pathways
P4HA2	P4HA1	pathways
P4HA2	P4HB	pathways
P4HA2	COL1A2	pathways
P4HA2	COL3A1	pathways
P4HA2	COL1A1	pathways
FYN	GRB2	pathways
FYN	PIK3R1	pathways
FYN	SOS1	pathways
FYN	PTK2	pathways
FYN	NRP1	pathways
FYN	SHC1	pathways
ITGA5	ITGB1	pathways
ITGA5	SHC1	pathways
COL1A2	COL1A1	pathways
COL1A2	P4HB	pathways
COL1A2	P4HA1	pathways
GRB2	PTPN11	pathways
GRB2	PIK3R1	pathways
GRB2	SHC1	pathways
GRB2	SOS1	pathways
GRB2	CRKL	pathways
GRB2	ITGB3	pathways
GRB2	PTK2	pathways
GRB2	MET	pathways
GRB2	HGF	pathways
GRB2	CRK	pathways
GRB2	PDGFRA	pathways
GRB2	LCP2	pathways
LCP2	SHC1	pathways
LCP2	SOS1	pathways
OGG1	NEIL1	pathways
PAXIP1	DCLRE1C	pathways
PAXIP1	ATM	pathways
PAXIP1	H2AX	pathways
PAXIP1	RNF8	pathways
PAXIP1	XRCC6	pathways
POLE2	PRIM1	pathways
POLE2	POLE4	pathways
ITGA1	ITGB1	pathways
RPA3	PCNA	pathways
RPA3	POLD4	pathways
RPA3	POLD3	pathways
RPA3	MCM2	pathways
RPA3	MCM7	pathways
RPA3	MCM5	pathways
RPA3	FANCD2	pathways
RPA3	WDR48	pathways
RPA3	USP1	pathways
RPA3	PRIM1	pathways
RPA3	RPA2	pathways
RPA3	RPA4	pathways
RPA3	BRCA1	pathways
RPA3	EXO1	pathways
RPA3	ATM	pathways
RPA3	BARD1	pathways
RPA3	RBBP8	pathways
RPA3	BLM	pathways
RPA3	HUS1	pathways
RPA3	POLB	pathways
JAM3	ITGA4	pathways
JAM3	ITGB1	pathways
SEMA4D	MET	pathways
ITGA11	ITGB1	pathways
PIK3R1	SHC1	pathways
PIK3R1	PTPN11	pathways
PIK3R1	MET	pathways
PIK3R1	HGF	pathways
PIK3R1	PTK2	pathways
PIK3R1	PDGFRA	pathways
PIK3R1	SOS1	pathways
XRCC6	PRKDC	pathways
XRCC6	DCLRE1C	pathways
XRCC6	XRCC4	pathways
XRCC6	LIG4	pathways
XRCC6	H2AX	pathways
XRCC6	ATM	pathways
XRCC6	RNF8	pathways
PDGFRA	CRK	pathways
PDGFRA	CRKL	pathways
PDGFRA	SOS1	pathways
PDGFRA	PTPN11	pathways
XRCC3	BLM	pathways
XRCC3	MUS81	pathways
P4HB	COL3A1	pathways
P4HB	COL1A1	pathways
P4HB	P4HA1	pathways
P4HB	ERO1B	pathways
P4HB	GPX7	pathways
P4HB	GPX8	pathways
HGF	MET	pathways
HGF	SOS1	pathways
HGF	PTK2	pathways
HGF	SHC1	pathways
HGF	ITGB1	pathways
HGF	CRK	pathways
HGF	CRKL	pathways
HGF	PTPN11	pathways
MCM2	RPA4	pathways
MCM2	RPA2	pathways
MCM2	MCM5	pathways
MCM2	MCM7	pathways
VCAM1	ITGB1	pathways
VCAM1	ITGA9	pathways
VCAM1	ITGA4	pathways
ADAM19	SH3PXD2A	pathways
ITGB5	VTN	pathways
SOS1	SHC1	pathways
SOS1	CRKL	pathways
SOS1	ITGB3	pathways
SOS1	PTK2	pathways
SOS1	MET	pathways
NEIL1	POLB	pathways
PTK2	CRK	pathways
PTK2	MET	pathways
PTK2	ITGB3	pathways
MSH2	PMS2	pathways
MSH2	PCNA	pathways
MSH2	MSH3	pathways
MSH2	EXO1	pathways
RPA2	POLD4	pathways
RPA2	POLD3	pathways
RPA2	PCNA	pathways
RPA2	MCM7	pathways
RPA2	MCM5	pathways
RPA2	FANCD2	pathways
RPA2	USP1	pathways
RPA2	WDR48	pathways
RPA2	PRIM1	pathways
RPA2	RPA4	pathways
RPA2	EXO1	pathways
RPA2	BARD1	pathways
RPA2	BRCA1	pathways
RPA2	RBBP8	pathways
RPA2	BLM	pathways
RPA2	ATM	pathways
RPA2	HUS1	pathways
RPA2	POLB	pathways
ITGA9	ITGB1	pathways
ITGA9	TNC	pathways
FLT1	PGF	pathways
FLT1	VEGFB	pathways
BARD1	EXO1	pathways
BARD1	BLM	pathways
BARD1	ATM	pathways
BARD1	RBBP8	pathways
BARD1	PALB2	pathways
BARD1	BRCA1	pathways
H3C15	KDM1A	pathways
BRCA1	BLM	pathways
BRCA1	ATM	pathways
BRCA1	EXO1	pathways
BRCA1	RBBP8	pathways
BRCA1	PALB2	pathways
BRCA1	H2AX	pathways
GPX8	ERO1A	pathways
RPA4	MCM5	pathways
RPA4	MCM7	pathways
POLB	PCNA	pathways
POLB	POLD3	pathways
POLB	POLD4	pathways
POLE4	PRIM1	pathways
H2AX	DCLRE1C	pathways
H2AX	ATM	pathways
H2AX	RNF8	pathways
PALB2	RBBP8	pathways
ITGB3	CRK	pathways
ITGB3	SHC1	pathways
ITGB3	THBS1	pathways
ITGB3	TNC	pathways
ITGB3	VTN	pathways
P4HA1	COL3A1	pathways
P4HA1	COL1A1	pathways
MCM5	MCM7	pathways
ITGB1	MET	pathways
ITGB1	ITGA4	pathways
ITGB1	THBS1	pathways
ITGB1	TNC	pathways
ITGB1	VTN	pathways
ITGB1	SHC1	pathways
PCNA	PMS2	pathways
PCNA	MSH3	pathways
PCNA	WDR48	pathways
PCNA	USP1	pathways
PCNA	POLD3	pathways
PCNA	POLD4	pathways
PCNA	PRIM1	pathways
PCNA	EXO1	pathways
PMS2	MSH3	pathways
PMS2	EXO1	pathways
SHC1	PTPN11	pathways
SHC1	CRKL	pathways
SHC1	MET	pathways
PRIM1	POLD4	pathways
PRIM1	POLD3	pathways
MET	CRKL	pathways
MET	CRK	pathways
MET	PTPN11	pathways
ERO1A	GPX7	pathways
RBBP8	EXO1	pathways
RBBP8	BLM	pathways
RBBP8	ATM	pathways
SH3PXD2A	ADAM12	pathways
CDH1	ITGAE	pathways
CDH1	ITGB7	pathways
MSH3	EXO1	pathways
LIG4	XRCC4	pathways
LIG4	DCLRE1C	pathways
LIG4	PRKDC	pathways
ATM	EXO1	pathways
ATM	BLM	pathways
ATM	DCLRE1C	pathways
ATM	RNF8	pathways
PRKDC	DCLRE1C	pathways
PRKDC	XRCC4	pathways
NRP1	L1CAM	pathways
POLD4	POLD3	pathways
ITGB7	ITGA4	pathways
ITGB7	ITGAE	pathways
FANCD2	USP1	pathways
FANCD2	WDR48	pathways
ITGA4	THBS1	pathways
USP1	WDR48	pathways
DCLRE1C	RNF8	pathways
DCLRE1C	XRCC4	pathways
ATRIP	SPATA48	coexp
RCN2	COL2A1	coexp
RCN2	RCN1	coexp
SPATA48	HLTF	coexp
SPATA48	RAD9B	coexp
SPATA48	WDR48	coexp
HGF	ADAM12	coexp
HGF	FLT1	coexp
HGF	PGF	coexp
FLT1	ADAM12	coexp
WDR48	RAD9B	coexp
RCN1	COL2A1	coexp
PGF	ADAM12	coexp
HLTF	RAD9B	coexp
TLN1	ITGA2B	complexes
TLN1	ITGB3	complexes
TLN1	BCAR1	complexes
TLN1	CDH1	complexes
TLN1	PTK2	complexes
TLN1	SRC	complexes
LYN	GRB2	complexes
LYN	LCP2	complexes
LYN	CBL	complexes
LYN	FYN	complexes
LYN	LCK	complexes
MSH6	MSH2	complexes
MSH6	PCNA	complexes
MSH6	MLH1	complexes
MSH6	PMS2	complexes
MSH6	ATM	complexes
MSH6	BLM	complexes
MSH6	BRCA1	complexes
MSH6	MRE11	complexes
MSH6	NBN	complexes
MSH6	RAD50	complexes
MSH6	RAD51	complexes
MSH6	TP53	complexes
MSH6	BARD1	complexes
MRE11	NBN	complexes
MRE11	RAD50	complexes
MRE11	BRCA1	complexes
MRE11	ATM	complexes
MRE11	BLM	complexes
MRE11	MLH1	complexes
MRE11	MSH2	complexes
MRE11	LIG4	complexes
MRE11	XRCC4	complexes
MRE11	XRCC5	complexes
MRE11	XRCC6	complexes
MRE11	PARP1	complexes
MRE11	FANCD2	complexes
MRE11	MDC1	complexes
MRE11	BARD1	complexes
MRE11	RBBP8	complexes
MRE11	PAXIP1	complexes
MRE11	TP53BP1	complexes
TOP3A	BLM	complexes
TOP3A	MLH1	complexes
TOP3A	RMI1	complexes
TOP3A	RPA1	complexes
TOP3A	RPA2	complexes
TOP3A	RPA3	complexes
TOP3A	RMI2	complexes
P4HA3	P4HB	complexes
PTPN2	ITGA1	complexes
PTPN2	ITGB1	complexes
PTPN2	COL5A1	complexes
PDGFRB	PDGFB	complexes
AR	AKT1	complexes
AR	KDM1A	complexes
RAD51	BLM	complexes
RAD51	MSH2	complexes
RAD51	TP53	complexes
RAD51	BRCA1	complexes
RAD51	BRCA2	complexes
RAD51	XRCC2	complexes
RAD51	BARD1	complexes
AKT1	FANCD2	complexes
AKT1	FANCI	complexes
AKT1	PHLPP1	complexes
AKT1	PHLPP2	complexes
AKT1	USP1	complexes
AKT1	WDR48	complexes
RMI1	BLM	complexes
RMI1	MLH1	complexes
RMI1	RPA1	complexes
RMI1	RPA2	complexes
RMI1	RPA3	complexes
RMI1	RMI2	complexes
ITGA2B	ITGB3	complexes
ITGA2B	FN1	complexes
ITGA2B	SRC	complexes
ITGA2B	PTK2	complexes
WRN	XRCC5	complexes
WRN	XRCC6	complexes
WRN	PARP1	complexes
WRN	FEN1	complexes
WRN	PRKDC	complexes
COL4A5	COL2A1	complexes
COL4A5	COL5A1	complexes
COL4A5	COL8A2	complexes
POLE	POLE2	complexes
POLE	POLE3	complexes
POLE	POLE4	complexes
POLE	CDK2	complexes
POLE	LIG1	complexes
POLE	PARP1	complexes
POLE	POLA1	complexes
POLE	POLD1	complexes
POLE	RPA1	complexes
POLE	RPA2	complexes
POLE	RPA3	complexes
POLE	PCNA	complexes
POLE	POLA2	complexes
POLE	POLD2	complexes
POLE	POLD3	complexes
POLE	POLD4	complexes
POLE	PRIM1	complexes
POLE	PRIM2	complexes
POLE	CHRAC1	complexes
RAD9A	HUS1	complexes
RAD9A	RAD1	complexes
RAD9A	LIG1	complexes
RAD9A	FEN1	complexes
RAD9A	POLB	complexes
RAD9A	APEX1	complexes
SH3GL2	CBL	complexes
SH3GL2	EGFR	complexes
SH3GL2	SH3KBP1	complexes
TP53BP1	H2AX	complexes
TP53BP1	MDC1	complexes
TP53BP1	BLM	complexes
TP53BP1	NBN	complexes
TP53BP1	PAXIP1	complexes
TP53BP1	RAD50	complexes
TP53BP1	RPA1	complexes
TP53BP1	RPA2	complexes
TP53BP1	XRCC5	complexes
TP53BP1	XRCC6	complexes
POLA1	POLA2	complexes
POLA1	PRIM1	complexes
POLA1	PRIM2	complexes
POLA1	CDK2	complexes
POLA1	LIG1	complexes
POLA1	PARP1	complexes
POLA1	POLD1	complexes
POLA1	RPA1	complexes
POLA1	RPA2	complexes
POLA1	RPA3	complexes
POLA1	PCNA	complexes
POLA1	POLD2	complexes
POLA1	POLD3	complexes
POLA1	POLD4	complexes
POLA1	POLE2	complexes
POLA1	POLE3	complexes
POLA1	POLE4	complexes
POLA1	CHRAC1	complexes
BANF1	EMD	complexes
BANF1	PARP1	complexes
XRCC2	RAD51B	complexes
XRCC2	RAD51C	complexes
XRCC2	RAD51D	complexes
XRCC2	XRCC3	complexes
XRCC2	BLM	complexes
XRCC2	NDUFAF5	complexes
PHLPP2	FANCD2	complexes
PHLPP2	FANCI	complexes
PHLPP2	PHLPP1	complexes
PHLPP2	USP1	complexes
PHLPP2	WDR48	complexes
PHLPP2	USP46	complexes
PHLPP2	RAD51AP1	complexes
RAD51AP1	USP1	complexes
RAD51AP1	USP46	complexes
RAD51AP1	WDR20	complexes
RAD51AP1	WDR48	complexes
RAD51AP1	PHLPP1	complexes
ITGAV	ITGB1	complexes
ITGAV	ITGB3	complexes
ITGAV	ITGB5	complexes
ITGAV	ITGB6	complexes
ITGAV	SPP1	complexes
ITGAV	TGFB3	complexes
ITGAV	ADAM15	complexes
ITGAV	COL4A3	complexes
ITGAV	EGFR	complexes
ITGAV	VTN	complexes
ITGAV	THBS1	complexes
ITGAV	ADAM12	complexes
ITGAV	ITGA5	complexes
ITGAV	ITGA1	complexes
ITGAV	ITGA2	complexes
ITGAV	ITGA3	complexes
NRP2	PLXNA1	complexes
RAD51D	RAD51B	complexes
RAD51D	RAD51C	complexes
RAD51D	XRCC3	complexes
RAD51D	BLM	complexes
RAD51D	NDUFAF5	complexes
USP12	WDR20	complexes
USP12	WDR48	complexes
RAD51B	RAD51C	complexes
RAD51B	XRCC3	complexes
RAD51B	NDUFAF5	complexes
EGFR	ERBB2	complexes
EGFR	ITGB3	complexes
EGFR	SH3KBP1	complexes
EGFR	CBL	complexes
EGFR	GRB2	complexes
EGFR	SRC	complexes
ADAM15	ITGB3	complexes
ADAM15	ITGA5	complexes
ADAM15	ITGB1	complexes
ADAM15	ITGA9	complexes
BRCA2	KDM1A	complexes
BRCA2	BARD1	complexes
BRCA2	BRCA1	complexes
BCAR1	PIK3R1	complexes
BCAR1	SRC	complexes
BCAR1	CBL	complexes
BCAR1	CRK	complexes
BCAR1	GRB2	complexes
BCAR1	SH3KBP1	complexes
BCAR1	SOS1	complexes
BCAR1	CDH1	complexes
BCAR1	PTK2	complexes
MCM4	MCM2	complexes
MCM4	MCM3	complexes
MCM4	MCM5	complexes
MCM4	MCM6	complexes
MCM4	MCM7	complexes
MCM4	EMD	complexes
MCM4	LMNA	complexes
ATRIP	ATR	complexes
CBL	SH3KBP1	complexes
CBL	MET	complexes
CBL	CRK	complexes
CBL	GRB2	complexes
CBL	PIK3R1	complexes
CBL	SOS1	complexes
CBL	LCP2	complexes
CBL	PLCG1	complexes
CBL	VAV1	complexes
CBL	SHC1	complexes
CBL	FYN	complexes
CBL	SRC	complexes
ITGA2	ITGB1	complexes
ITGA2	ITGA5	complexes
ITGA2	ITGA1	complexes
ITGA2	ITGA3	complexes
POLD1	PCNA	complexes
POLD1	POLD2	complexes
POLD1	POLD3	complexes
POLD1	POLD4	complexes
POLD1	CDK2	complexes
POLD1	LIG1	complexes
POLD1	PARP1	complexes
POLD1	RPA1	complexes
POLD1	RPA2	complexes
POLD1	RPA3	complexes
POLD1	POLA2	complexes
POLD1	PRIM1	complexes
POLD1	PRIM2	complexes
POLD1	POLE2	complexes
POLD1	POLE3	complexes
POLD1	POLE4	complexes
POLD2	PCNA	complexes
POLD2	POLD3	complexes
POLD2	POLD4	complexes
POLD2	POLA2	complexes
POLD2	PRIM1	complexes
POLD2	PRIM2	complexes
POLD2	RPA1	complexes
POLD2	POLE2	complexes
POLD2	POLE3	complexes
POLD2	POLE4	complexes
POLD2	LIG1	complexes
RCN1	PTRH1	complexes
RCN1	CALU	complexes
RCN1	RCN2	complexes
POLA2	PRIM1	complexes
POLA2	PRIM2	complexes
POLA2	CDK2	complexes
POLA2	PCNA	complexes
POLA2	POLD3	complexes
POLA2	POLD4	complexes
POLA2	RPA1	complexes
POLA2	POLE2	complexes
POLA2	POLE3	complexes
POLA2	POLE4	complexes
POLA2	LIG1	complexes
CDK2	PCNA	complexes
CDK2	LIG1	complexes
CDK2	PARP1	complexes
CDK2	RPA1	complexes
CDK2	RPA2	complexes
CDK2	RPA3	complexes
RAD50	NBN	complexes
RAD50	BRCA1	complexes
RAD50	ATM	complexes
RAD50	BLM	complexes
RAD50	MLH1	complexes
RAD50	MSH2	complexes
RAD50	LIG4	complexes
RAD50	XRCC4	complexes
RAD50	XRCC5	complexes
RAD50	XRCC6	complexes
RAD50	PARP1	complexes
RAD50	FANCD2	complexes
RAD50	MDC1	complexes
RAD50	BARD1	complexes
RAD50	RBBP8	complexes
RAD50	PAXIP1	complexes
XRCC5	PRKDC	complexes
XRCC5	XRCC6	complexes
XRCC5	PCNA	complexes
XRCC5	LIG4	complexes
XRCC5	NBN	complexes
XRCC5	XRCC4	complexes
XRCC5	PARP1	complexes
XRCC5	MDC1	complexes
XRCC5	RPA1	complexes
XRCC5	RPA2	complexes
XRCC5	APLF	complexes
XRCC5	HLTF	complexes
XRCC5	LIG3	complexes
ERCC4	ERCC1	complexes
ERCC4	MSH2	complexes
ERCC4	XPA	complexes
ERCC4	RAD52	complexes
POLE3	POLE2	complexes
POLE3	POLE4	complexes
POLE3	CHRAC1	complexes
POLE3	PCNA	complexes
POLE3	POLD3	complexes
POLE3	POLD4	complexes
POLE3	PRIM1	complexes
POLE3	PRIM2	complexes
POLE3	RPA1	complexes
POLE3	LIG1	complexes
PHLPP1	FANCD2	complexes
PHLPP1	FANCI	complexes
PHLPP1	USP1	complexes
PHLPP1	WDR48	complexes
PHLPP1	USP46	complexes
DIPK2A	GPX8	complexes
CAMKMT	COL1A2	complexes
COL4A3	ITGB3	complexes
COL4A3	NUTF2	complexes
NBN	BRCA1	complexes
NBN	ATM	complexes
NBN	BLM	complexes
NBN	MLH1	complexes
NBN	MSH2	complexes
NBN	LIG4	complexes
NBN	XRCC4	complexes
NBN	XRCC6	complexes
NBN	FANCD2	complexes
NBN	MDC1	complexes
NBN	BARD1	complexes
NBN	RBBP8	complexes
NBN	PAXIP1	complexes
NBN	VRK1	complexes
NBN	RNF8	complexes
ITGB6	FN1	complexes
ITGB6	FYN	complexes
ITGB6	SPP1	complexes
ITGB6	TGFB3	complexes
XRCC1	PARP1	complexes
XRCC1	LIG3	complexes
XRCC1	LIG4	complexes
XRCC1	PNKP	complexes
XRCC1	POLB	complexes
XRCC1	NEIL1	complexes
XRCC1	TDP1	complexes
XRCC1	APLF	complexes
XRCC1	HLTF	complexes
XRCC1	APTX	complexes
EMD	LMNA	complexes
EMD	MCM2	complexes
EMD	MCM6	complexes
VAV1	GRB2	complexes
VAV1	LCP2	complexes
VAV1	PIK3R1	complexes
VAV1	PLCG1	complexes
VRK1	RNF8	complexes
APEX1	HUS1	complexes
APEX1	RAD1	complexes
RAD9B	HUS1	complexes
RAD9B	RAD1	complexes
RAD9B	HUS1B	complexes
PLCG1	GRB2	complexes
PLCG1	LCP2	complexes
PLCG1	PIK3R1	complexes
PLCG1	SOS1	complexes
PLCG1	PDGFRA	complexes
PLCG1	PTPN11	complexes
PLCG1	LCK	complexes
PLCG1	FYN	complexes
PRIM2	PRIM1	complexes
PRIM2	PCNA	complexes
PRIM2	POLD3	complexes
PRIM2	POLD4	complexes
PRIM2	RPA1	complexes
PRIM2	POLE2	complexes
PRIM2	POLE4	complexes
PRIM2	LIG1	complexes
ERCC1	MSH2	complexes
ERCC1	XPA	complexes
ERCC1	RAD52	complexes
ERCC1	RPA1	complexes
PLXNA1	NRP1	complexes
RPA1	BLM	complexes
RPA1	MLH1	complexes
RPA1	RPA2	complexes
RPA1	RPA3	complexes
RPA1	PCNA	complexes
RPA1	LIG1	complexes
RPA1	PARP1	complexes
RPA1	POLD3	complexes
RPA1	POLD4	complexes
RPA1	PRIM1	complexes
RPA1	POLE2	complexes
RPA1	POLE4	complexes
RPA1	XRCC6	complexes
RPA1	XPA	complexes
RPA1	RPA4	complexes
RPA1	MSH2	complexes
SH3KBP1	MET	complexes
SH3KBP1	CRK	complexes
SH3KBP1	GRB2	complexes
SH3KBP1	PIK3R1	complexes
SH3KBP1	SOS1	complexes
NHEJ1	LIG4	complexes
NHEJ1	XRCC4	complexes
CHRAC1	POLE4	complexes
MCM10	MCM6	complexes
FANCI	FANCD2	complexes
FANCI	USP1	complexes
FANCI	WDR48	complexes
PLXNB1	SEMA4D	complexes
PLXNB1	NRP1	complexes
MCM3	MCM2	complexes
MCM3	MCM5	complexes
MCM3	MCM6	complexes
MCM3	MCM7	complexes
APLF	HLTF	complexes
APLF	MSH3	complexes
APLF	LIG3	complexes
APLF	POLB	complexes
LCK	FYN	complexes
LCK	PIK3R1	complexes
LCK	LCP2	complexes
PNKP	LIG4	complexes
PNKP	XRCC4	complexes
PNKP	LIG3	complexes
PNKP	POLB	complexes
PNKP	TDP1	complexes
PNKP	APTX	complexes
HLTF	LIG3	complexes
HLTF	MSH3	complexes
HLTF	POLB	complexes
TDP1	LIG3	complexes
WDR20	WDR48	complexes
WDR20	USP46	complexes
WDR20	USP1	complexes
RAD51C	XRCC3	complexes
SRC	ITGB3	complexes
SRC	PIK3R1	complexes
SRC	PARP1	complexes
SRC	CDH1	complexes
SRC	PTK2	complexes
MLH1	PMS2	complexes
MLH1	BLM	complexes
MLH1	RPA2	complexes
MLH1	RPA3	complexes
MLH1	PCNA	complexes
MLH1	MSH2	complexes
MLH1	EXO1	complexes
MLH1	ATM	complexes
MLH1	BRCA1	complexes
MLH1	BARD1	complexes
LIG1	PARP1	complexes
LIG1	RPA2	complexes
LIG1	RPA3	complexes
LIG1	PCNA	complexes
LIG1	POLD3	complexes
LIG1	POLD4	complexes
LIG1	POLE2	complexes
LIG1	POLE4	complexes
LIG1	PRIM1	complexes
LIG1	HUS1	complexes
LIG1	RAD1	complexes
FN1	FYN	complexes
FN1	ITGB3	complexes
FN1	ITGA5	complexes
FN1	ITGB1	complexes
JAM2	ITGA4	complexes
JAM2	ITGB1	complexes
RAPGEF1	CRK	complexes
RAPGEF1	CRKL	complexes
RAPGEF1	PDGFRA	complexes
VEGFA	ITGA9	complexes
VEGFA	ITGB1	complexes
VEGFA	VEGFB	complexes
ITGA3	ITGB1	complexes
ITGA3	THBS1	complexes
ITGA3	ITGA5	complexes
ITGA3	ITGA1	complexes
SPP1	ITGB5	complexes
SPP1	ITGB3	complexes
SPP1	ITGB1	complexes
SPP1	ITGA9	complexes
SPP1	ITGA5	complexes
TP53	BLM	complexes
TP53	MSH2	complexes
TP53	BARD1	complexes
TP53	XRCC6	complexes
RAD1	HUS1	complexes
RAD1	FEN1	complexes
RAD1	POLB	complexes
RAD1	HUS1B	complexes
MDC1	ATM	complexes
MDC1	FANCD2	complexes
MDC1	H2AX	complexes
MDC1	PRKDC	complexes
MDC1	XRCC6	complexes
BRIP1	BRCA1	complexes
ERBB2	SHC1	complexes
ERBB2	L1CAM	complexes
MCM6	MCM2	complexes
MCM6	MCM5	complexes
MCM6	MCM7	complexes
MCM6	LMNA	complexes
PARP1	RPA2	complexes
PARP1	RPA3	complexes
PARP1	XRCC6	complexes
PARP1	H2AX	complexes
PARP1	LMNA	complexes
PARP1	PRKDC	complexes
PARP1	LIG3	complexes
LIG3	POLB	complexes
LIG3	NEIL1	complexes
FEN1	HUS1	complexes
FEN1	MSH2	complexes
P4HA2	CALU	complexes
P4HA2	P4HB	complexes
P4HA2	P4HA1	complexes
ITGA5	ITGB1	complexes
ITGA5	ITGB3	complexes
ITGA5	ITGA1	complexes
GRB2	CRK	complexes
GRB2	PIK3R1	complexes
GRB2	SOS1	complexes
GRB2	LCP2	complexes
GRB2	SHC1	complexes
GRB2	PTPN11	complexes
LCP2	PIK3R1	complexes
LCP2	SHC1	complexes
LCP2	SOS1	complexes
COL2A1	COL5A1	complexes
COL2A1	COL8A2	complexes
PAXIP1	BLM	complexes
POLE2	POLE4	complexes
POLE2	PCNA	complexes
POLE2	POLD3	complexes
POLE2	POLD4	complexes
POLE2	PRIM1	complexes
ITGA1	ITGB1	complexes
RCN2	CALU	complexes
RCN2	PTRH1	complexes
LMNA	MCM2	complexes
RPA3	BLM	complexes
RPA3	RPA2	complexes
RPA3	RPA4	complexes
ITGA11	ITGB1	complexes
ITGA11	COL1A1	complexes
PIK3R1	CRK	complexes
PIK3R1	SOS1	complexes
PIK3R1	PDGFRA	complexes
PIK3R1	PTPN11	complexes
XRCC6	PRKDC	complexes
XRCC6	PCNA	complexes
XRCC6	LIG4	complexes
XRCC6	XRCC4	complexes
XRCC6	H2AX	complexes
XRCC6	RPA2	complexes
XRCC6	BARD1	complexes
PDGFRA	CRK	complexes
PDGFRA	CRKL	complexes
PDGFRA	PTPN11	complexes
COL8A2	COL5A1	complexes
P4HB	P4HA1	complexes
P4HB	CALU	complexes
HGF	MET	complexes
MCM2	MCM5	complexes
MCM2	MCM7	complexes
VCAM1	ITGA4	complexes
VCAM1	ITGB1	complexes
VCAM1	ITGA9	complexes
COCH	AGPAT1	complexes
ITGB5	PTK2	complexes
ITGB5	VTN	complexes
SOS1	CRK	complexes
NEIL1	POLB	complexes
PTK2	ITGB3	complexes
PTK2	CDH1	complexes
MSH2	PCNA	complexes
MSH2	PMS2	complexes
MSH2	MSH3	complexes
MSH2	ATM	complexes
MSH2	BLM	complexes
MSH2	BRCA1	complexes
MSH2	RPA2	complexes
RPA2	BLM	complexes
RPA2	RPA4	complexes
ITGA9	ITGB1	complexes
ITGA9	TNC	complexes
ITGA9	ADAM12	complexes
BARD1	BRCA1	complexes
BARD1	RBBP8	complexes
H3C15	BLM	complexes
BRCA1	RBBP8	complexes
BRCA1	ATM	complexes
BRCA1	BLM	complexes
POLB	HUS1	complexes
POLB	APTX	complexes
POLE4	PCNA	complexes
POLE4	POLD3	complexes
POLE4	POLD4	complexes
POLE4	PRIM1	complexes
ITGB3	VTN	complexes
ITGB3	THBS1	complexes
ITGB3	ADAM12	complexes
MCM5	MCM7	complexes
ITGB1	ITGA4	complexes
ITGB1	THBS1	complexes
ITGB1	TNC	complexes
ITGB1	ADAM12	complexes
ITGB1	COL1A1	complexes
ITGB1	NRP1	complexes
PCNA	PMS2	complexes
PCNA	POLD3	complexes
PCNA	POLD4	complexes
PCNA	EXO1	complexes
PCNA	PRIM1	complexes
PMS2	EXO1	complexes
APTX	LIG4	complexes
APTX	XRCC4	complexes
PRIM1	POLD3	complexes
PRIM1	POLD4	complexes
COL1A1	COL3A1	complexes
ERO1A	ERO1B	complexes
CDH1	ITGAE	complexes
CDH1	ITGB7	complexes
LIG4	XRCC4	complexes
ATM	BLM	complexes
ATM	FANCD2	complexes
PRKDC	DCLRE1C	complexes
POLD4	POLD3	complexes
ITGB7	ITGAE	complexes
CRK	CRKL	complexes
FANCD2	USP1	complexes
FANCD2	WDR48	complexes
USP46	WDR48	complexes
USP46	USP1	complexes
ITGA4	THBS1	complexes
USP1	WDR48	complexes
